0.000 -0.154
0.050 -0.162
0.100 -0.170
0.150 -0.177
0.200 -0.184
0.250 -0.192
0.300 -0.200
0.350 -0.211
0.400 -0.221
0.450 -0.235
0.500 -0.249
0.550 -0.268
0.600 -0.286
0.650 -0.311
0.700 -0.336
0.750 -0.368
0.800 -0.400
0.850 -0.440
0.900 -0.479
0.950 -0.526
1.000 -0.573
1.050 -0.626
1.100 -0.680
1.150 -0.740
1.200 -0.799
1.250 -0.863
1.300 -0.927
1.350 -0.994
1.400 -1.061
1.450 -1.128
1.500 -1.196
1.550 -1.262
1.600 -1.328
1.650 -1.390
1.700 -1.452
1.750 -1.508
1.800 -1.564
1.850 -1.612
1.900 -1.659
1.950 -1.698
2.000 -1.736
2.050 -1.763
2.100 -1.790
2.150 -1.806
2.200 -1.822
2.250 -1.826
2.300 -1.829
2.350 -1.822
2.400 -1.814
2.450 -1.796
2.500 -1.778
2.550 -1.750
2.600 -1.723
2.650 -1.688
2.700 -1.653
2.750 -1.613
2.800 -1.573
2.850 -1.529
2.900 -1.486
2.950 -1.441
3.000 -1.396
3.050 -1.353
3.100 -1.309
3.150 -1.269
3.200 -1.228
3.250 -1.192
3.300 -1.156
3.350 -1.126
3.400 -1.095
3.450 -1.071
3.500 -1.047
3.550 -1.029
3.600 -1.011
3.650 -0.999
3.700 -0.987
3.750 -0.981
3.800 -0.974
3.850 -0.972
3.900 -0.969
3.950 -0.969
4.000 -0.968
4.050 -0.969
4.100 -0.969
4.150 -0.968
4.200 -0.967
4.250 -0.962
4.300 -0.958
4.350 -0.949
4.400 -0.939
4.450 -0.923
4.500 -0.908
4.550 -0.884
4.600 -0.861
4.650 -0.828
4.700 -0.796
4.750 -0.755
4.800 -0.714
4.850 -0.665
4.900 -0.615
4.950 -0.557
5.000 -0.499
5.050 -0.433
5.100 -0.368
5.150 -0.296
5.200 -0.225
5.250 -0.149
5.300 -0.073
5.350 0.006
5.400 0.084
5.450 0.164
5.500 0.244
5.550 0.322
5.600 0.401
5.650 0.477
5.700 0.553
5.750 0.625
5.800 0.697
5.850 0.764
5.900 0.831
5.950 0.892
6.000 0.952
6.050 1.006
6.100 1.060
6.150 1.106
6.200 1.153
6.250 1.193
6.300 1.232
6.350 1.265
6.400 1.298
6.450 1.326
6.500 1.353
6.550 1.374
6.600 1.396
6.650 1.413
6.700 1.431
6.750 1.444
6.800 1.458
6.850 1.469
6.900 1.479
6.950 1.488
7.000 1.497
7.050 1.504
7.100 1.511
7.150 1.517
7.200 1.522
7.250 1.527
7.300 1.531
7.350 1.535
7.400 1.538
7.450 1.539
7.500 1.541
7.550 1.541
7.600 1.540
7.650 1.537
7.700 1.534
7.750 1.528
7.800 1.521
7.850 1.511
7.900 1.501
7.950 1.486
8.000 1.471
8.050 1.452
8.100 1.432
8.150 1.407
8.200 1.382
8.250 1.352
8.300 1.322
8.350 1.286
8.400 1.251
8.450 1.210
8.500 1.169
8.550 1.124
8.600 1.079
8.650 1.029
8.700 0.980
8.750 0.928
8.800 0.875
8.850 0.820
8.900 0.765
8.950 0.709
9.000 0.652
9.050 0.595
9.100 0.538
9.150 0.481
9.200 0.424
9.250 0.368
9.300 0.312
9.350 0.258
9.400 0.203
9.450 0.152
9.500 0.100
9.550 0.051
9.600 0.002
9.650 -0.044
9.700 -0.090
9.750 -0.131
9.800 -0.173
9.850 -0.211
9.900 -0.249
9.950 -0.283
10.000 -0.316
10.050 -0.345
10.100 -0.374
10.150 -0.398
10.200 -0.421
10.250 -0.440
10.300 -0.458
10.350 -0.471
10.400 -0.484
10.450 -0.490
10.500 -0.497
10.550 -0.497
10.600 -0.497
10.650 -0.490
10.700 -0.483
10.750 -0.469
10.800 -0.455
10.850 -0.434
10.900 -0.413
10.950 -0.384
11.000 -0.356
11.050 -0.320
11.100 -0.285
11.150 -0.243
11.200 -0.201
11.250 -0.153
11.300 -0.105
11.350 -0.053
11.400 -0.001
11.450 0.054
11.500 0.109
11.550 0.166
11.600 0.223
11.650 0.280
11.700 0.336
11.750 0.391
11.800 0.445
11.850 0.495
11.900 0.545
11.950 0.589
12.000 0.632
12.050 0.668
12.100 0.704
12.150 0.730
12.200 0.756
12.250 0.771
12.300 0.787
12.350 0.790
12.400 0.794
12.450 0.785
12.500 0.777
12.550 0.756
12.600 0.736
12.650 0.704
12.700 0.672
12.750 0.630
12.800 0.588
12.850 0.537
12.900 0.487
12.950 0.429
13.000 0.372
13.050 0.309
13.100 0.247
13.150 0.182
13.200 0.117
13.250 0.052
13.300 -0.013
13.350 -0.076
13.400 -0.140
13.450 -0.199
13.500 -0.259
13.550 -0.313
13.600 -0.367
13.650 -0.415
13.700 -0.463
13.750 -0.503
13.800 -0.544
13.850 -0.576
13.900 -0.609
13.950 -0.635
14.000 -0.660
14.050 -0.679
14.100 -0.697
14.150 -0.710
14.200 -0.722
14.250 -0.730
14.300 -0.738
14.350 -0.742
14.400 -0.746
14.450 -0.749
14.500 -0.751
14.550 -0.752
14.600 -0.753
14.650 -0.755
14.700 -0.756
14.750 -0.759
14.800 -0.762
14.850 -0.766
14.900 -0.770
14.950 -0.777
15.000 -0.783
15.050 -0.791
15.100 -0.800
15.150 -0.810
15.200 -0.820
15.250 -0.830
15.300 -0.841
15.350 -0.852
15.400 -0.862
15.450 -0.872
15.500 -0.882
15.550 -0.889
15.600 -0.897
15.650 -0.902
15.700 -0.906
15.750 -0.907
15.800 -0.908
15.850 -0.905
15.900 -0.901
15.950 -0.893
16.000 -0.885
16.050 -0.872
16.100 -0.860
16.150 -0.843
16.200 -0.826
16.250 -0.805
16.300 -0.785
16.350 -0.762
16.400 -0.739
16.450 -0.715
16.500 -0.690
16.550 -0.666
16.600 -0.641
16.650 -0.618
16.700 -0.595
16.750 -0.575
16.800 -0.554
16.850 -0.537
16.900 -0.521
16.950 -0.509
17.000 -0.497
17.050 -0.490
17.100 -0.483
17.150 -0.482
17.200 -0.481
17.250 -0.485
17.300 -0.490
17.350 -0.499
17.400 -0.509
17.450 -0.523
17.500 -0.537
17.550 -0.554
17.600 -0.572
17.650 -0.592
17.700 -0.611
17.750 -0.632
17.800 -0.652
17.850 -0.672
17.900 -0.692
17.950 -0.710
18.000 -0.729
18.050 -0.744
18.100 -0.759
18.150 -0.770
18.200 -0.781
18.250 -0.787
18.300 -0.793
18.350 -0.794
18.400 -0.795
18.450 -0.791
18.500 -0.787
18.550 -0.777
18.600 -0.767
18.650 -0.753
18.700 -0.738
18.750 -0.719
18.800 -0.700
18.850 -0.677
18.900 -0.655
18.950 -0.629
19.000 -0.604
19.050 -0.577
19.100 -0.549
19.150 -0.521
19.200 -0.492
19.250 -0.463
19.300 -0.434
19.350 -0.405
19.400 -0.375
19.450 -0.346
19.500 -0.316
19.550 -0.287
19.600 -0.257
19.650 -0.227
19.700 -0.197
19.750 -0.167
19.800 -0.136
19.850 -0.104
19.900 -0.071
19.950 -0.037
20.000 -0.002
20.050 0.036
20.100 0.073
20.150 0.115
20.200 0.157
20.250 0.203
20.300 0.250
20.350 0.301
20.400 0.353
20.450 0.411
20.500 0.468
20.550 0.531
20.600 0.595
20.650 0.664
20.700 0.732
20.750 0.806
20.800 0.880
20.850 0.959
20.900 1.037
20.950 1.118
21.000 1.199
21.050 1.283
21.100 1.366
21.150 1.449
21.200 1.532
21.250 1.614
21.300 1.695
21.350 1.773
21.400 1.851
21.450 1.924
21.500 1.997
21.550 2.062
21.600 2.128
21.650 2.185
21.700 2.241
21.750 2.288
21.800 2.334
21.850 2.369
21.900 2.404
21.950 2.426
22.000 2.448
22.050 2.458
22.100 2.467
22.150 2.464
22.200 2.460
22.250 2.443
22.300 2.427
22.350 2.398
22.400 2.369
22.450 2.328
22.500 2.288
22.550 2.238
22.600 2.187
22.650 2.128
22.700 2.069
22.750 2.004
22.800 1.938
22.850 1.867
22.900 1.796
22.950 1.723
23.000 1.649
23.050 1.574
23.100 1.499
23.150 1.425
23.200 1.351
23.250 1.280
23.300 1.209
23.350 1.141
23.400 1.074
23.450 1.011
23.500 0.949
23.550 0.892
23.600 0.836
23.650 0.786
23.700 0.736
23.750 0.692
23.800 0.649
23.850 0.611
23.900 0.574
23.950 0.541
24.000 0.509
24.050 0.481
24.100 0.454
24.150 0.429
24.200 0.404
24.250 0.380
24.300 0.357
24.350 0.333
24.400 0.310
24.450 0.284
24.500 0.259
24.550 0.230
24.600 0.200
24.650 0.166
24.700 0.132
24.750 0.092
24.800 0.051
24.850 0.004
24.900 -0.044
24.950 -0.099
25.000 -0.155
25.050 -0.219
25.100 -0.282
25.150 -0.354
25.200 -0.425
25.250 -0.504
25.300 -0.583
25.350 -0.668
25.400 -0.753
25.450 -0.843
25.500 -0.933
25.550 -1.027
25.600 -1.121
25.650 -1.216
25.700 -1.311
25.750 -1.406
25.800 -1.501
25.850 -1.594
25.900 -1.687
25.950 -1.777
26.000 -1.866
26.050 -1.949
26.100 -2.033
26.150 -2.109
26.200 -2.186
26.250 -2.254
26.300 -2.322
26.350 -2.381
26.400 -2.440
26.450 -2.490
26.500 -2.539
26.550 -2.578
26.600 -2.617
26.650 -2.645
26.700 -2.674
26.750 -2.692
26.800 -2.710
26.850 -2.719
26.900 -2.727
26.950 -2.725
27.000 -2.724
27.050 -2.713
27.100 -2.702
27.150 -2.683
27.200 -2.663
27.250 -2.635
27.300 -2.607
27.350 -2.571
27.400 -2.535
27.450 -2.491
27.500 -2.448
27.550 -2.396
27.600 -2.345
27.650 -2.286
27.700 -2.227
27.750 -2.161
27.800 -2.096
27.850 -2.023
27.900 -1.950
27.950 -1.871
28.000 -1.791
28.050 -1.706
28.100 -1.621
28.150 -1.530
28.200 -1.439
28.250 -1.343
28.300 -1.248
28.350 -1.148
28.400 -1.049
28.450 -0.947
28.500 -0.846
28.550 -0.743
28.600 -0.641
28.650 -0.538
28.700 -0.436
28.750 -0.336
28.800 -0.236
28.850 -0.140
28.900 -0.043
28.950 0.048
29.000 0.139
29.050 0.224
29.100 0.309
29.150 0.386
29.200 0.463
29.250 0.532
29.300 0.601
29.350 0.661
29.400 0.721
29.450 0.773
29.500 0.824
29.550 0.867
29.600 0.910
29.650 0.946
29.700 0.981
29.750 1.010
29.800 1.039
29.850 1.063
29.900 1.087
29.950 1.107
30.000 1.127
30.050 1.145
30.100 1.163
30.150 1.180
30.200 1.197
30.250 1.215
30.300 1.232
30.350 1.251
30.400 1.271
30.450 1.292
30.500 1.313
30.550 1.337
30.600 1.360
30.650 1.386
30.700 1.412
30.750 1.439
30.800 1.466
30.850 1.494
30.900 1.521
30.950 1.548
31.000 1.575
31.050 1.599
31.100 1.624
31.150 1.644
31.200 1.664
31.250 1.678
31.300 1.692
31.350 1.699
31.400 1.706
31.450 1.704
31.500 1.702
31.550 1.690
31.600 1.678
31.650 1.655
31.700 1.633
31.750 1.600
31.800 1.567
31.850 1.523
31.900 1.480
31.950 1.427
32.000 1.375
32.050 1.314
32.100 1.253
32.150 1.186
32.200 1.118
32.250 1.046
32.300 0.974
32.350 0.899
32.400 0.824
32.450 0.749
32.500 0.673
32.550 0.598
32.600 0.524
32.650 0.452
32.700 0.380
32.750 0.312
32.800 0.244
32.850 0.181
32.900 0.118
32.950 0.061
33.000 0.003
33.050 -0.049
33.100 -0.101
33.150 -0.147
33.200 -0.194
33.250 -0.236
33.300 -0.278
33.350 -0.315
33.400 -0.353
33.450 -0.388
33.500 -0.423
33.550 -0.456
33.600 -0.489
33.650 -0.521
33.700 -0.553
33.750 -0.585
33.800 -0.617
33.850 -0.649
33.900 -0.681
33.950 -0.713
34.000 -0.746
34.050 -0.779
34.100 -0.811
34.150 -0.844
34.200 -0.877
34.250 -0.908
34.300 -0.940
34.350 -0.969
34.400 -0.999
34.450 -1.025
34.500 -1.051
34.550 -1.072
34.600 -1.093
34.650 -1.108
34.700 -1.123
34.750 -1.131
34.800 -1.138
34.850 -1.138
34.900 -1.137
34.950 -1.126
35.000 -1.116
35.050 -1.096
35.100 -1.077
35.150 -1.047
35.200 -1.018
35.250 -0.979
35.300 -0.940
35.350 -0.893
35.400 -0.846
35.450 -0.792
35.500 -0.738
35.550 -0.678
35.600 -0.618
35.650 -0.554
35.700 -0.490
35.750 -0.424
35.800 -0.358
35.850 -0.292
35.900 -0.225
35.950 -0.160
36.000 -0.096
36.050 -0.034
36.100 0.028
36.150 0.085
36.200 0.142
36.250 0.194
36.300 0.245
36.350 0.290
36.400 0.335
36.450 0.373
36.500 0.412
36.550 0.443
36.600 0.474
36.650 0.498
36.700 0.522
36.750 0.540
36.800 0.558
36.850 0.570
36.900 0.581
36.950 0.588
37.000 0.595
37.050 0.598
37.100 0.600
37.150 0.599
37.200 0.599
37.250 0.595
37.300 0.592
37.350 0.587
37.400 0.583
37.450 0.577
37.500 0.571
37.550 0.566
37.600 0.560
37.650 0.555
37.700 0.550
37.750 0.546
37.800 0.542
37.850 0.540
37.900 0.538
37.950 0.538
38.000 0.538
38.050 0.541
38.100 0.544
38.150 0.550
38.200 0.556
38.250 0.566
38.300 0.575
38.350 0.589
38.400 0.603
38.450 0.621
38.500 0.639
38.550 0.662
38.600 0.685
38.650 0.713
38.700 0.741
38.750 0.773
38.800 0.806
38.850 0.843
38.900 0.879
38.950 0.921
39.000 0.962
39.050 1.006
39.100 1.050
39.150 1.097
39.200 1.144
39.250 1.192
39.300 1.240
39.350 1.288
39.400 1.336
39.450 1.382
39.500 1.428
39.550 1.471
39.600 1.513
39.650 1.551
39.700 1.589
39.750 1.620
39.800 1.652
39.850 1.675
39.900 1.699
39.950 1.713
40.000 1.728
40.050 1.732
40.100 1.737
40.150 1.731
40.200 1.726
40.250 1.710
40.300 1.695
40.350 1.670
40.400 1.644
40.450 1.610
40.500 1.576
40.550 1.534
40.600 1.493
40.650 1.445
40.700 1.397
40.750 1.345
40.800 1.292
40.850 1.237
40.900 1.182
40.950 1.126
41.000 1.070
41.050 1.015
41.100 0.959
41.150 0.906
41.200 0.852
41.250 0.801
41.300 0.750
41.350 0.702
41.400 0.654
41.450 0.609
41.500 0.564
41.550 0.521
41.600 0.479
41.650 0.437
41.700 0.396
41.750 0.355
41.800 0.314
41.850 0.270
41.900 0.227
41.950 0.180
42.000 0.133
42.050 0.080
42.100 0.027
42.150 -0.033
42.200 -0.094
42.250 -0.165
42.300 -0.235
42.350 -0.317
42.400 -0.398
42.450 -0.492
42.500 -0.586
42.550 -0.692
42.600 -0.798
42.650 -0.917
42.700 -1.035
42.750 -1.166
42.800 -1.296
42.850 -1.436
42.900 -1.576
42.950 -1.724
43.000 -1.872
43.050 -2.026
43.100 -2.180
43.150 -2.337
43.200 -2.493
43.250 -2.650
43.300 -2.806
43.350 -2.958
43.400 -3.111
43.450 -3.257
43.500 -3.403
43.550 -3.540
43.600 -3.676
43.650 -3.800
43.700 -3.924
43.750 -4.034
43.800 -4.144
43.850 -4.238
43.900 -4.331
43.950 -4.408
44.000 -4.484
44.050 -4.543
44.100 -4.601
44.150 -4.642
44.200 -4.683
44.250 -4.706
44.300 -4.729
44.350 -4.736
44.400 -4.743
44.450 -4.735
44.500 -4.726
44.550 -4.704
44.600 -4.682
44.650 -4.648
44.700 -4.614
44.750 -4.570
44.800 -4.526
44.850 -4.473
44.900 -4.419
44.950 -4.359
45.000 -4.299
45.050 -4.232
45.100 -4.166
45.150 -4.094
45.200 -4.023
45.250 -3.947
45.300 -3.871
45.350 -3.791
45.400 -3.710
45.450 -3.626
45.500 -3.542
45.550 -3.454
45.600 -3.365
45.650 -3.272
45.700 -3.179
45.750 -3.081
45.800 -2.983
45.850 -2.879
45.900 -2.776
45.950 -2.665
46.000 -2.555
46.050 -2.438
46.100 -2.321
46.150 -2.197
46.200 -2.073
46.250 -1.941
46.300 -1.809
46.350 -1.670
46.400 -1.530
46.450 -1.383
46.500 -1.236
46.550 -1.082
46.600 -0.928
46.650 -0.768
46.700 -0.607
46.750 -0.441
46.800 -0.274
46.850 -0.103
46.900 0.068
46.950 0.243
47.000 0.418
47.050 0.595
47.100 0.773
47.150 0.952
47.200 1.131
47.250 1.310
47.300 1.489
47.350 1.667
47.400 1.845
47.450 2.020
47.500 2.196
47.550 2.369
47.600 2.541
47.650 2.710
47.700 2.878
47.750 3.042
47.800 3.205
47.850 3.364
47.900 3.522
47.950 3.674
48.000 3.826
48.050 3.972
48.100 4.118
48.150 4.257
48.200 4.397
48.250 4.530
48.300 4.662
48.350 4.788
48.400 4.914
48.450 5.033
48.500 5.152
48.550 5.264
48.600 5.376
48.650 5.480
48.700 5.585
48.750 5.682
48.800 5.779
48.850 5.868
48.900 5.958
48.950 6.039
49.000 6.119
49.050 6.191
49.100 6.263
49.150 6.325
49.200 6.387
49.250 6.438
49.300 6.489
49.350 6.528
49.400 6.567
49.450 6.593
49.500 6.619
49.550 6.631
49.600 6.642
49.650 6.639
49.700 6.635
49.750 6.614
49.800 6.594
49.850 6.556
49.900 6.518
49.950 6.461
50.000 6.404
50.050 6.329
50.100 6.253
50.150 6.158
50.200 6.063
50.250 5.949
50.300 5.835
50.350 5.702
50.400 5.569
50.450 5.418
50.500 5.267
50.550 5.099
50.600 4.932
50.650 4.749
50.700 4.567
50.750 4.371
50.800 4.175
50.850 3.969
50.900 3.762
50.950 3.548
51.000 3.333
51.050 3.112
51.100 2.892
51.150 2.668
51.200 2.444
51.250 2.219
51.300 1.995
51.350 1.772
51.400 1.549
51.450 1.330
51.500 1.111
51.550 0.897
51.600 0.684
51.650 0.478
51.700 0.271
51.750 0.073
51.800 -0.125
51.850 -0.314
51.900 -0.504
51.950 -0.684
52.000 -0.864
52.050 -1.036
52.100 -1.207
52.150 -1.370
52.200 -1.533
52.250 -1.688
52.300 -1.843
52.350 -1.991
52.400 -2.140
52.450 -2.282
52.500 -2.425
52.550 -2.562
52.600 -2.700
52.650 -2.834
52.700 -2.968
52.750 -3.100
52.800 -3.231
52.850 -3.360
52.900 -3.489
52.950 -3.616
53.000 -3.744
53.050 -3.869
53.100 -3.995
53.150 -4.119
53.200 -4.243
53.250 -4.365
53.300 -4.487
53.350 -4.606
53.400 -4.725
53.450 -4.840
53.500 -4.955
53.550 -5.065
53.600 -5.175
53.650 -5.278
53.700 -5.382
53.750 -5.478
53.800 -5.573
53.850 -5.660
53.900 -5.746
53.950 -5.822
54.000 -5.898
54.050 -5.962
54.100 -6.026
54.150 -6.076
54.200 -6.127
54.250 -6.163
54.300 -6.199
54.350 -6.219
54.400 -6.239
54.450 -6.244
54.500 -6.248
54.550 -6.235
54.600 -6.223
54.650 -6.193
54.700 -6.164
54.750 -6.117
54.800 -6.070
54.850 -6.005
54.900 -5.941
54.950 -5.860
55.000 -5.779
55.050 -5.681
55.100 -5.583
55.150 -5.470
55.200 -5.357
55.250 -5.229
55.300 -5.101
55.350 -4.959
55.400 -4.818
55.450 -4.664
55.500 -4.510
55.550 -4.346
55.600 -4.182
55.650 -4.009
55.700 -3.836
55.750 -3.656
55.800 -3.476
55.850 -3.291
55.900 -3.107
55.950 -2.920
56.000 -2.733
56.050 -2.545
56.100 -2.358
56.150 -2.172
56.200 -1.987
56.250 -1.806
56.300 -1.625
56.350 -1.450
56.400 -1.275
56.450 -1.108
56.500 -0.941
56.550 -0.784
56.600 -0.626
56.650 -0.480
56.700 -0.334
56.750 -0.199
56.800 -0.065
56.850 0.057
56.900 0.179
56.950 0.288
57.000 0.397
57.050 0.494
57.100 0.591
57.150 0.676
57.200 0.761
57.250 0.836
57.300 0.910
57.350 0.974
57.400 1.039
57.450 1.096
57.500 1.152
57.550 1.202
57.600 1.252
57.650 1.297
57.700 1.342
57.750 1.384
57.800 1.426
57.850 1.465
57.900 1.505
57.950 1.545
58.000 1.584
58.050 1.624
58.100 1.664
58.150 1.706
58.200 1.748
58.250 1.792
58.300 1.836
58.350 1.882
58.400 1.929
58.450 1.978
58.500 2.027
58.550 2.079
58.600 2.131
58.650 2.186
58.700 2.240
58.750 2.296
58.800 2.353
58.850 2.410
58.900 2.468
58.950 2.527
59.000 2.586
59.050 2.645
59.100 2.704
59.150 2.763
59.200 2.822
59.250 2.881
59.300 2.940
59.350 2.997
59.400 3.055
59.450 3.111
59.500 3.168
59.550 3.222
59.600 3.277
59.650 3.329
59.700 3.382
59.750 3.432
59.800 3.483
59.850 3.530
59.900 3.578
59.950 3.622
60.000 3.666
60.050 3.707
60.100 3.747
60.150 3.783
60.200 3.819
60.250 3.849
60.300 3.880
60.350 3.904
60.400 3.928
60.450 3.945
60.500 3.963
60.550 3.972
60.600 3.981
60.650 3.981
60.700 3.982
60.750 3.972
60.800 3.963
60.850 3.943
60.900 3.924
60.950 3.894
61.000 3.864
61.050 3.823
61.100 3.782
61.150 3.730
61.200 3.679
61.250 3.617
61.300 3.555
61.350 3.484
61.400 3.413
61.450 3.333
61.500 3.253
61.550 3.166
61.600 3.079
61.650 2.985
61.700 2.892
61.750 2.794
61.800 2.696
61.850 2.594
61.900 2.492
61.950 2.389
62.000 2.285
62.050 2.180
62.100 2.074
62.150 1.969
62.200 1.863
62.250 1.758
62.300 1.653
62.350 1.548
62.400 1.443
62.450 1.338
62.500 1.233
62.550 1.129
62.600 1.024
62.650 0.918
62.700 0.813
62.750 0.706
62.800 0.599
62.850 0.490
62.900 0.381
62.950 0.269
63.000 0.156
63.050 0.040
63.100 -0.076
63.150 -0.197
63.200 -0.318
63.250 -0.444
63.300 -0.570
63.350 -0.700
63.400 -0.831
63.450 -0.966
63.500 -1.102
63.550 -1.241
63.600 -1.380
63.650 -1.523
63.700 -1.665
63.750 -1.809
63.800 -1.952
63.850 -2.096
63.900 -2.240
63.950 -2.381
64.000 -2.523
64.050 -2.661
64.100 -2.799
64.150 -2.931
64.200 -3.063
64.250 -3.187
64.300 -3.312
64.350 -3.427
64.400 -3.542
64.450 -3.646
64.500 -3.751
64.550 -3.843
64.600 -3.936
64.650 -4.015
64.700 -4.095
64.750 -4.161
64.800 -4.227
64.850 -4.280
64.900 -4.333
64.950 -4.372
65.000 -4.412
65.050 -4.438
65.100 -4.464
65.150 -4.478
65.200 -4.491
65.250 -4.493
65.300 -4.494
65.350 -4.484
65.400 -4.474
65.450 -4.452
65.500 -4.431
65.550 -4.399
65.600 -4.367
65.650 -4.325
65.700 -4.282
65.750 -4.230
65.800 -4.177
65.850 -4.115
65.900 -4.052
65.950 -3.979
66.000 -3.907
66.050 -3.824
66.100 -3.741
66.150 -3.648
66.200 -3.555
66.250 -3.452
66.300 -3.349
66.350 -3.236
66.400 -3.123
66.450 -3.001
66.500 -2.879
66.550 -2.748
66.600 -2.617
66.650 -2.478
66.700 -2.339
66.750 -2.193
66.800 -2.047
66.850 -1.897
66.900 -1.746
66.950 -1.592
67.000 -1.437
67.050 -1.281
67.100 -1.125
67.150 -0.970
67.200 -0.814
67.250 -0.661
67.300 -0.508
67.350 -0.358
67.400 -0.209
67.450 -0.066
67.500 0.078
67.550 0.214
67.600 0.350
67.650 0.478
67.700 0.606
67.750 0.725
67.800 0.844
67.850 0.953
67.900 1.063
67.950 1.163
68.000 1.263
68.050 1.354
68.100 1.445
68.150 1.528
68.200 1.611
68.250 1.686
68.300 1.762
68.350 1.831
68.400 1.900
68.450 1.963
68.500 2.027
68.550 2.086
68.600 2.146
68.650 2.201
68.700 2.257
68.750 2.310
68.800 2.363
68.850 2.414
68.900 2.465
68.950 2.513
69.000 2.561
69.050 2.607
69.100 2.653
69.150 2.697
69.200 2.740
69.250 2.780
69.300 2.819
69.350 2.855
69.400 2.890
69.450 2.920
69.500 2.951
69.550 2.975
69.600 2.999
69.650 3.016
69.700 3.033
69.750 3.043
69.800 3.052
69.850 3.054
69.900 3.055
69.950 3.048
70.000 3.042
70.050 3.026
70.100 3.011
70.150 2.988
70.200 2.964
70.250 2.933
70.300 2.902
70.350 2.865
70.400 2.827
70.450 2.783
70.500 2.739
70.550 2.690
70.600 2.640
70.650 2.587
70.700 2.533
70.750 2.476
70.800 2.419
70.850 2.359
70.900 2.299
70.950 2.237
71.000 2.174
71.050 2.110
71.100 2.045
71.150 1.978
71.200 1.912
71.250 1.843
71.300 1.774
71.350 1.703
71.400 1.632
71.450 1.558
71.500 1.485
71.550 1.408
71.600 1.331
71.650 1.252
71.700 1.172
71.750 1.090
71.800 1.007
71.850 0.921
71.900 0.836
71.950 0.748
72.000 0.660
72.050 0.570
72.100 0.480
72.150 0.390
72.200 0.300
72.250 0.210
72.300 0.120
72.350 0.033
72.400 -0.055
72.450 -0.138
72.500 -0.221
72.550 -0.299
72.600 -0.377
72.650 -0.447
72.700 -0.517
72.750 -0.579
72.800 -0.640
72.850 -0.691
72.900 -0.742
72.950 -0.782
73.000 -0.822
73.050 -0.850
73.100 -0.879
73.150 -0.895
73.200 -0.912
73.250 -0.918
73.300 -0.924
73.350 -0.920
73.400 -0.916
73.450 -0.904
73.500 -0.893
73.550 -0.875
73.600 -0.857
73.650 -0.835
73.700 -0.814
73.750 -0.791
73.800 -0.769
73.850 -0.748
73.900 -0.727
73.950 -0.711
74.000 -0.694
74.050 -0.684
74.100 -0.674
74.150 -0.673
74.200 -0.671
74.250 -0.680
74.300 -0.689
74.350 -0.709
74.400 -0.729
74.450 -0.761
74.500 -0.793
74.550 -0.837
74.600 -0.880
74.650 -0.934
74.700 -0.988
74.750 -1.052
74.800 -1.116
74.850 -1.187
74.900 -1.259
74.950 -1.336
75.000 -1.413
75.050 -1.493
75.100 -1.574
75.150 -1.655
75.200 -1.736
75.250 -1.815
75.300 -1.895
75.350 -1.970
75.400 -2.045
75.450 -2.114
75.500 -2.183
75.550 -2.243
75.600 -2.304
75.650 -2.355
75.700 -2.405
75.750 -2.445
75.800 -2.484
75.850 -2.512
75.900 -2.539
75.950 -2.554
76.000 -2.569
76.050 -2.572
76.100 -2.575
76.150 -2.566
76.200 -2.557
76.250 -2.536
76.300 -2.516
76.350 -2.485
76.400 -2.454
76.450 -2.413
76.500 -2.372
76.550 -2.323
76.600 -2.274
76.650 -2.218
76.700 -2.162
76.750 -2.099
76.800 -2.037
76.850 -1.970
76.900 -1.903
76.950 -1.832
77.000 -1.762
77.050 -1.689
77.100 -1.616
77.150 -1.541
77.200 -1.467
77.250 -1.392
77.300 -1.317
77.350 -1.242
77.400 -1.168
77.450 -1.095
77.500 -1.021
77.550 -0.950
77.600 -0.878
77.650 -0.810
77.700 -0.741
77.750 -0.675
77.800 -0.609
77.850 -0.546
77.900 -0.483
77.950 -0.424
78.000 -0.365
78.050 -0.309
78.100 -0.253
78.150 -0.200
78.200 -0.148
78.250 -0.098
78.300 -0.049
78.350 -0.002
78.400 0.045
78.450 0.090
78.500 0.135
78.550 0.178
78.600 0.222
78.650 0.265
78.700 0.307
78.750 0.350
78.800 0.393
78.850 0.436
78.900 0.480
78.950 0.525
79.000 0.569
79.050 0.616
79.100 0.662
79.150 0.711
79.200 0.759
79.250 0.809
79.300 0.859
79.350 0.911
79.400 0.963
79.450 1.016
79.500 1.070
79.550 1.123
79.600 1.177
79.650 1.230
79.700 1.283
79.750 1.334
79.800 1.385
79.850 1.433
79.900 1.482
79.950 1.526
80.000 1.570
80.050 1.608
80.100 1.647
80.150 1.678
80.200 1.710
80.250 1.734
80.300 1.758
80.350 1.773
80.400 1.789
80.450 1.796
80.500 1.803
80.550 1.800
80.600 1.798
80.650 1.788
80.700 1.777
80.750 1.759
80.800 1.741
80.850 1.716
80.900 1.691
80.950 1.661
81.000 1.631
81.050 1.596
81.100 1.562
81.150 1.526
81.200 1.490
81.250 1.453
81.300 1.417
81.350 1.381
81.400 1.346
81.450 1.313
81.500 1.280
81.550 1.251
81.600 1.222
81.650 1.198
81.700 1.174
81.750 1.155
81.800 1.136
81.850 1.122
81.900 1.109
81.950 1.101
82.000 1.093
82.050 1.089
82.100 1.086
82.150 1.086
82.200 1.087
82.250 1.090
82.300 1.093
82.350 1.097
82.400 1.101
82.450 1.106
82.500 1.110
82.550 1.112
82.600 1.115
82.650 1.114
82.700 1.114
82.750 1.109
82.800 1.105
82.850 1.095
82.900 1.085
82.950 1.068
83.000 1.052
83.050 1.029
83.100 1.006
83.150 0.976
83.200 0.946
83.250 0.908
83.300 0.871
83.350 0.827
83.400 0.783
83.450 0.732
83.500 0.682
83.550 0.625
83.600 0.569
83.650 0.507
83.700 0.446
83.750 0.381
83.800 0.315
83.850 0.246
83.900 0.178
83.950 0.107
84.000 0.036
84.050 -0.036
84.100 -0.108
84.150 -0.180
84.200 -0.252
84.250 -0.323
84.300 -0.394
84.350 -0.463
84.400 -0.532
84.450 -0.598
84.500 -0.664
84.550 -0.726
84.600 -0.788
84.650 -0.846
84.700 -0.903
84.750 -0.954
84.800 -1.005
84.850 -1.049
84.900 -1.093
84.950 -1.130
85.000 -1.166
85.050 -1.194
85.100 -1.222
85.150 -1.240
85.200 -1.259
85.250 -1.267
85.300 -1.276
85.350 -1.275
85.400 -1.273
85.450 -1.262
85.500 -1.250
85.550 -1.229
85.600 -1.207
85.650 -1.176
85.700 -1.145
85.750 -1.106
85.800 -1.067
85.850 -1.020
85.900 -0.973
85.950 -0.921
86.000 -0.868
86.050 -0.811
86.100 -0.755
86.150 -0.696
86.200 -0.637
86.250 -0.578
86.300 -0.519
86.350 -0.463
86.400 -0.406
86.450 -0.353
86.500 -0.300
86.550 -0.254
86.600 -0.207
86.650 -0.168
86.700 -0.129
86.750 -0.098
86.800 -0.068
86.850 -0.047
86.900 -0.027
86.950 -0.017
87.000 -0.007
87.050 -0.007
87.100 -0.007
87.150 -0.016
87.200 -0.026
87.250 -0.045
87.300 -0.064
87.350 -0.090
87.400 -0.116
87.450 -0.148
87.500 -0.181
87.550 -0.217
87.600 -0.254
87.650 -0.293
87.700 -0.332
87.750 -0.372
87.800 -0.412
87.850 -0.450
87.900 -0.489
87.950 -0.525
88.000 -0.561
88.050 -0.593
88.100 -0.625
88.150 -0.653
88.200 -0.681
88.250 -0.703
88.300 -0.725
88.350 -0.742
88.400 -0.759
88.450 -0.771
88.500 -0.783
88.550 -0.791
88.600 -0.798
88.650 -0.802
88.700 -0.805
88.750 -0.806
88.800 -0.807
88.850 -0.806
88.900 -0.805
88.950 -0.803
89.000 -0.801
89.050 -0.799
89.100 -0.797
89.150 -0.796
89.200 -0.795
89.250 -0.795
89.300 -0.795
89.350 -0.796
89.400 -0.797
89.450 -0.800
89.500 -0.803
89.550 -0.806
89.600 -0.809
89.650 -0.813
89.700 -0.816
89.750 -0.819
89.800 -0.821
89.850 -0.822
89.900 -0.822
89.950 -0.820
90.000 -0.817
90.050 -0.810
90.100 -0.804
90.150 -0.791
90.200 -0.779
90.250 -0.760
90.300 -0.740
90.350 -0.714
90.400 -0.687
90.450 -0.653
90.500 -0.618
90.550 -0.575
90.600 -0.531
90.650 -0.479
90.700 -0.427
90.750 -0.366
90.800 -0.306
90.850 -0.237
90.900 -0.168
90.950 -0.091
91.000 -0.014
91.050 0.069
91.100 0.153
91.150 0.243
91.200 0.333
91.250 0.427
91.300 0.522
91.350 0.621
91.400 0.720
91.450 0.822
91.500 0.923
91.550 1.027
91.600 1.130
91.650 1.234
91.700 1.338
91.750 1.441
91.800 1.545
91.850 1.646
91.900 1.747
91.950 1.846
92.000 1.944
92.050 2.038
92.100 2.132
92.150 2.220
92.200 2.309
92.250 2.390
92.300 2.471
92.350 2.545
92.400 2.618
92.450 2.681
92.500 2.745
92.550 2.798
92.600 2.850
92.650 2.891
92.700 2.931
92.750 2.958
92.800 2.986
92.850 2.998
92.900 3.011
92.950 3.008
93.000 3.006
93.050 2.987
93.100 2.968
93.150 2.934
93.200 2.899
93.250 2.847
93.300 2.796
93.350 2.729
93.400 2.662
93.450 2.579
93.500 2.496
93.550 2.399
93.600 2.302
93.650 2.192
93.700 2.082
93.750 1.961
93.800 1.839
93.850 1.708
93.900 1.577
93.950 1.438
94.000 1.299
94.050 1.155
94.100 1.010
94.150 0.862
94.200 0.714
94.250 0.564
94.300 0.414
94.350 0.264
94.400 0.115
94.450 -0.033
94.500 -0.181
94.550 -0.325
94.600 -0.470
94.650 -0.610
94.700 -0.750
94.750 -0.885
94.800 -1.020
94.850 -1.148
94.900 -1.277
94.950 -1.399
95.000 -1.522
95.050 -1.637
95.100 -1.753
95.150 -1.862
95.200 -1.971
95.250 -2.072
95.300 -2.174
95.350 -2.269
95.400 -2.363
95.450 -2.451
95.500 -2.538
95.550 -2.618
95.600 -2.698
95.650 -2.770
95.700 -2.842
95.750 -2.905
95.800 -2.969
95.850 -3.023
95.900 -3.078
95.950 -3.123
96.000 -3.168
96.050 -3.202
96.100 -3.236
96.150 -3.260
96.200 -3.283
96.250 -3.294
96.300 -3.305
96.350 -3.304
96.400 -3.303
96.450 -3.288
96.500 -3.274
96.550 -3.247
96.600 -3.220
96.650 -3.180
96.700 -3.139
96.750 -3.086
96.800 -3.034
96.850 -2.969
96.900 -2.904
96.950 -2.829
97.000 -2.753
97.050 -2.668
97.100 -2.583
97.150 -2.490
97.200 -2.397
97.250 -2.298
97.300 -2.198
97.350 -2.094
97.400 -1.990
97.450 -1.883
97.500 -1.776
97.550 -1.668
97.600 -1.559
97.650 -1.451
97.700 -1.343
97.750 -1.237
97.800 -1.131
97.850 -1.027
97.900 -0.924
97.950 -0.824
98.000 -0.724
98.050 -0.629
98.100 -0.533
98.150 -0.442
98.200 -0.351
98.250 -0.264
98.300 -0.178
98.350 -0.096
98.400 -0.014
98.450 0.064
98.500 0.141
98.550 0.215
98.600 0.289
98.650 0.359
98.700 0.430
98.750 0.497
98.800 0.564
98.850 0.628
98.900 0.692
98.950 0.754
99.000 0.815
99.050 0.874
99.100 0.933
99.150 0.988
99.200 1.044
99.250 1.097
99.300 1.149
99.350 1.198
99.400 1.247
99.450 1.292
99.500 1.337
99.550 1.377
99.600 1.417
99.650 1.452
99.700 1.487
99.750 1.516
99.800 1.545
99.850 1.568
99.900 1.591
99.950 1.608
100.000 1.624
100.050 1.634
100.100 1.644
100.150 1.648
100.200 1.651
100.250 1.648
100.300 1.646
100.350 1.637
100.400 1.629
100.450 1.615
100.500 1.601
100.550 1.582
100.600 1.564
100.650 1.541
100.700 1.519
100.750 1.493
100.800 1.467
100.850 1.439
100.900 1.411
100.950 1.381
101.000 1.351
101.050 1.320
101.100 1.289
101.150 1.257
101.200 1.225
101.250 1.192
101.300 1.160
101.350 1.127
101.400 1.094
101.450 1.061
101.500 1.028
101.550 0.995
101.600 0.961
101.650 0.928
101.700 0.894
101.750 0.859
101.800 0.825
101.850 0.790
101.900 0.755
101.950 0.720
102.000 0.684
102.050 0.648
102.100 0.611
102.150 0.574
102.200 0.538
102.250 0.500
102.300 0.463
102.350 0.426
102.400 0.389
102.450 0.353
102.500 0.317
102.550 0.282
102.600 0.247
102.650 0.213
102.700 0.180
102.750 0.150
102.800 0.119
102.850 0.092
102.900 0.065
102.950 0.041
103.000 0.018
103.050 -0.001
103.100 -0.020
103.150 -0.035
103.200 -0.049
103.250 -0.059
103.300 -0.069
103.350 -0.074
103.400 -0.079
103.450 -0.080
103.500 -0.081
103.550 -0.078
103.600 -0.075
103.650 -0.069
103.700 -0.063
103.750 -0.055
103.800 -0.047
103.850 -0.037
103.900 -0.028
103.950 -0.019
104.000 -0.009
104.050 -0.001
104.100 0.008
104.150 0.014
104.200 0.021
104.250 0.025
104.300 0.029
104.350 0.030
104.400 0.031
104.450 0.028
104.500 0.025
104.550 0.019
104.600 0.013
104.650 0.003
104.700 -0.007
104.750 -0.020
104.800 -0.033
104.850 -0.048
104.900 -0.063
104.950 -0.080
105.000 -0.097
105.050 -0.113
105.100 -0.130
105.150 -0.145
105.200 -0.161
105.250 -0.174
105.300 -0.187
105.350 -0.196
105.400 -0.205
105.450 -0.209
105.500 -0.213
105.550 -0.211
105.600 -0.208
105.650 -0.198
105.700 -0.188
105.750 -0.170
105.800 -0.152
105.850 -0.126
105.900 -0.100
105.950 -0.065
106.000 -0.030
106.050 0.013
106.100 0.057
106.150 0.107
106.200 0.158
106.250 0.215
106.300 0.273
106.350 0.335
106.400 0.398
106.450 0.464
106.500 0.530
106.550 0.599
106.600 0.667
106.650 0.735
106.700 0.804
106.750 0.870
106.800 0.936
106.850 0.999
106.900 1.061
106.950 1.118
107.000 1.174
107.050 1.224
107.100 1.273
107.150 1.313
107.200 1.354
107.250 1.384
107.300 1.414
107.350 1.433
107.400 1.453
107.450 1.461
107.500 1.469
107.550 1.466
107.600 1.462
107.650 1.448
107.700 1.434
107.750 1.409
107.800 1.385
107.850 1.351
107.900 1.318
107.950 1.276
108.000 1.235
108.050 1.187
108.100 1.140
108.150 1.088
108.200 1.036
108.250 0.981
108.300 0.926
108.350 0.871
108.400 0.815
108.450 0.760
108.500 0.705
108.550 0.652
108.600 0.599
108.650 0.550
108.700 0.500
108.750 0.455
108.800 0.409
108.850 0.368
108.900 0.327
108.950 0.290
109.000 0.254
109.050 0.221
109.100 0.189
109.150 0.160
109.200 0.132
109.250 0.105
109.300 0.079
109.350 0.055
109.400 0.030
109.450 0.005
109.500 -0.019
109.550 -0.045
109.600 -0.071
109.650 -0.100
109.700 -0.129
109.750 -0.162
109.800 -0.195
109.850 -0.233
109.900 -0.271
109.950 -0.316
110.000 -0.360
110.050 -0.411
110.100 -0.462
110.150 -0.520
110.200 -0.577
110.250 -0.642
110.300 -0.706
110.350 -0.776
110.400 -0.847
110.450 -0.922
110.500 -0.997
110.550 -1.076
110.600 -1.155
110.650 -1.237
110.700 -1.318
110.750 -1.400
110.800 -1.482
110.850 -1.564
110.900 -1.645
110.950 -1.723
111.000 -1.802
111.050 -1.876
111.100 -1.950
111.150 -2.019
111.200 -2.088
111.250 -2.150
111.300 -2.212
111.350 -2.267
111.400 -2.322
111.450 -2.368
111.500 -2.415
111.550 -2.453
111.600 -2.492
111.650 -2.523
111.700 -2.553
111.750 -2.576
111.800 -2.599
111.850 -2.615
111.900 -2.630
111.950 -2.640
112.000 -2.649
112.050 -2.653
112.100 -2.657
112.150 -2.656
112.200 -2.655
112.250 -2.650
112.300 -2.645
112.350 -2.637
112.400 -2.629
112.450 -2.618
112.500 -2.607
112.550 -2.593
112.600 -2.580
112.650 -2.565
112.700 -2.549
112.750 -2.531
112.800 -2.513
112.850 -2.493
112.900 -2.473
112.950 -2.450
113.000 -2.427
113.050 -2.402
113.100 -2.376
113.150 -2.347
113.200 -2.318
113.250 -2.285
113.300 -2.253
113.350 -2.216
113.400 -2.180
113.450 -2.140
113.500 -2.099
113.550 -2.055
113.600 -2.010
113.650 -1.962
113.700 -1.914
113.750 -1.862
113.800 -1.810
113.850 -1.755
113.900 -1.700
113.950 -1.642
114.000 -1.585
114.050 -1.524
114.100 -1.464
114.150 -1.402
114.200 -1.340
114.250 -1.277
114.300 -1.214
114.350 -1.149
114.400 -1.085
114.450 -1.019
114.500 -0.954
114.550 -0.887
114.600 -0.821
114.650 -0.753
114.700 -0.686
114.750 -0.617
114.800 -0.548
114.850 -0.477
114.900 -0.406
114.950 -0.332
115.000 -0.259
115.050 -0.182
115.100 -0.105
115.150 -0.025
115.200 0.056
115.250 0.140
115.300 0.225
115.350 0.314
115.400 0.404
115.450 0.498
115.500 0.593
115.550 0.692
115.600 0.791
115.650 0.895
115.700 0.999
115.750 1.107
115.800 1.216
115.850 1.327
115.900 1.438
115.950 1.551
116.000 1.665
116.050 1.779
116.100 1.893
116.150 2.006
116.200 2.120
116.250 2.231
116.300 2.342
116.350 2.449
116.400 2.556
116.450 2.658
116.500 2.760
116.550 2.855
116.600 2.949
116.650 3.036
116.700 3.123
116.750 3.201
116.800 3.279
116.850 3.347
116.900 3.415
116.950 3.473
117.000 3.531
117.050 3.578
117.100 3.626
117.150 3.664
117.200 3.701
117.250 3.729
117.300 3.757
117.350 3.776
117.400 3.794
117.450 3.804
117.500 3.814
117.550 3.816
117.600 3.818
117.650 3.813
117.700 3.807
117.750 3.795
117.800 3.783
117.850 3.765
117.900 3.747
117.950 3.723
118.000 3.699
118.050 3.669
118.100 3.640
118.150 3.605
118.200 3.570
118.250 3.529
118.300 3.489
118.350 3.444
118.400 3.398
118.450 3.347
118.500 3.296
118.550 3.240
118.600 3.184
118.650 3.123
118.700 3.061
118.750 2.995
118.800 2.929
118.850 2.858
118.900 2.787
118.950 2.712
119.000 2.637
119.050 2.558
119.100 2.480
119.150 2.398
119.200 2.317
119.250 2.233
119.300 2.149
119.350 2.064
119.400 1.979
119.450 1.894
119.500 1.808
119.550 1.723
119.600 1.637
119.650 1.552
119.700 1.467
119.750 1.382
119.800 1.298
119.850 1.214
119.900 1.130
119.950 1.046
120.000 0.963
120.050 0.879
120.100 0.795
120.150 0.710
120.200 0.625
120.250 0.538
120.300 0.451
120.350 0.361
120.400 0.271
120.450 0.176
120.500 0.081
120.550 -0.019
120.600 -0.119
120.650 -0.226
120.700 -0.333
120.750 -0.446
120.800 -0.560
120.850 -0.681
120.900 -0.802
120.950 -0.931
121.000 -1.059
121.050 -1.194
121.100 -1.328
121.150 -1.468
121.200 -1.608
121.250 -1.752
121.300 -1.896
121.350 -2.041
121.400 -2.186
121.450 -2.330
121.500 -2.474
121.550 -2.614
121.600 -2.754
121.650 -2.887
121.700 -3.020
121.750 -3.143
121.800 -3.266
121.850 -3.376
121.900 -3.486
121.950 -3.581
122.000 -3.675
122.050 -3.752
122.100 -3.829
122.150 -3.885
122.200 -3.942
122.250 -3.978
122.300 -4.014
122.350 -4.028
122.400 -4.042
122.450 -4.034
122.500 -4.027
122.550 -3.999
122.600 -3.970
122.650 -3.922
122.700 -3.874
122.750 -3.809
122.800 -3.743
122.850 -3.662
122.900 -3.580
122.950 -3.486
123.000 -3.391
123.050 -3.287
123.100 -3.182
123.150 -3.070
123.200 -2.957
123.250 -2.841
123.300 -2.724
123.350 -2.605
123.400 -2.486
123.450 -2.367
123.500 -2.249
123.550 -2.133
123.600 -2.017
123.650 -1.905
123.700 -1.793
123.750 -1.687
123.800 -1.581
123.850 -1.482
123.900 -1.383
123.950 -1.292
124.000 -1.200
124.050 -1.117
124.100 -1.034
124.150 -0.959
124.200 -0.884
124.250 -0.818
124.300 -0.752
124.350 -0.694
124.400 -0.636
124.450 -0.586
124.500 -0.537
124.550 -0.495
124.600 -0.454
124.650 -0.420
124.700 -0.386
124.750 -0.359
124.800 -0.333
124.850 -0.313
124.900 -0.293
124.950 -0.280
125.000 -0.267
125.050 -0.260
125.100 -0.252
125.150 -0.250
125.200 -0.248
125.250 -0.250
125.300 -0.253
125.350 -0.258
125.400 -0.264
125.450 -0.273
125.500 -0.281
125.550 -0.291
125.600 -0.301
125.650 -0.311
125.700 -0.321
125.750 -0.330
125.800 -0.339
125.850 -0.346
125.900 -0.353
125.950 -0.356
126.000 -0.360
126.050 -0.359
126.100 -0.358
126.150 -0.352
126.200 -0.345
126.250 -0.333
126.300 -0.321
126.350 -0.302
126.400 -0.284
126.450 -0.259
126.500 -0.234
126.550 -0.203
126.600 -0.172
126.650 -0.136
126.700 -0.100
126.750 -0.059
126.800 -0.018
126.850 0.026
126.900 0.070
126.950 0.116
127.000 0.162
127.050 0.210
127.100 0.257
127.150 0.303
127.200 0.350
127.250 0.395
127.300 0.440
127.350 0.482
127.400 0.524
127.450 0.562
127.500 0.601
127.550 0.635
127.600 0.669
127.650 0.699
127.700 0.730
127.750 0.756
127.800 0.782
127.850 0.804
127.900 0.827
127.950 0.847
128.000 0.867
128.050 0.886
128.100 0.904
128.150 0.922
128.200 0.941
128.250 0.960
128.300 0.979
128.350 1.000
128.400 1.021
128.450 1.045
128.500 1.070
128.550 1.098
128.600 1.126
128.650 1.159
128.700 1.192
128.750 1.229
128.800 1.267
128.850 1.309
128.900 1.350
128.950 1.396
129.000 1.442
129.050 1.490
129.100 1.538
129.150 1.588
129.200 1.638
129.250 1.688
129.300 1.738
129.350 1.786
129.400 1.835
129.450 1.879
129.500 1.924
129.550 1.964
129.600 2.004
129.650 2.038
129.700 2.072
129.750 2.098
129.800 2.124
129.850 2.142
129.900 2.159
129.950 2.168
130.000 2.177
130.050 2.177
130.100 2.176
130.150 2.168
130.200 2.159
130.250 2.142
130.300 2.125
130.350 2.101
130.400 2.077
130.450 2.047
130.500 2.017
130.550 1.982
130.600 1.948
130.650 1.910
130.700 1.872
130.750 1.833
130.800 1.793
130.850 1.753
130.900 1.713
130.950 1.673
131.000 1.633
131.050 1.595
131.100 1.556
131.150 1.519
131.200 1.482
131.250 1.447
131.300 1.411
131.350 1.378
131.400 1.345
131.450 1.312
131.500 1.280
131.550 1.249
131.600 1.218
131.650 1.186
131.700 1.155
131.750 1.123
131.800 1.091
131.850 1.057
131.900 1.023
131.950 0.987
132.000 0.950
132.050 0.911
132.100 0.871
132.150 0.828
132.200 0.785
132.250 0.738
132.300 0.690
132.350 0.639
132.400 0.587
132.450 0.531
132.500 0.475
132.550 0.415
132.600 0.355
132.650 0.291
132.700 0.228
132.750 0.161
132.800 0.094
132.850 0.024
132.900 -0.046
132.950 -0.118
133.000 -0.190
133.050 -0.264
133.100 -0.338
133.150 -0.413
133.200 -0.488
133.250 -0.564
133.300 -0.640
133.350 -0.716
133.400 -0.793
133.450 -0.870
133.500 -0.947
133.550 -1.024
133.600 -1.100
133.650 -1.177
133.700 -1.254
133.750 -1.331
133.800 -1.408
133.850 -1.484
133.900 -1.561
133.950 -1.636
134.000 -1.712
134.050 -1.786
134.100 -1.861
134.150 -1.934
134.200 -2.006
134.250 -2.076
134.300 -2.147
134.350 -2.213
134.400 -2.280
134.450 -2.342
134.500 -2.404
134.550 -2.460
134.600 -2.516
134.650 -2.564
134.700 -2.613
134.750 -2.652
134.800 -2.692
134.850 -2.721
134.900 -2.750
134.950 -2.767
135.000 -2.784
135.050 -2.788
135.100 -2.793
135.150 -2.783
135.200 -2.773
135.250 -2.748
135.300 -2.724
135.350 -2.684
135.400 -2.645
135.450 -2.591
135.500 -2.536
135.550 -2.468
135.600 -2.399
135.650 -2.318
135.700 -2.236
135.750 -2.143
135.800 -2.049
135.850 -1.946
135.900 -1.843
135.950 -1.732
136.000 -1.621
136.050 -1.504
136.100 -1.388
136.150 -1.269
136.200 -1.150
136.250 -1.031
136.300 -0.913
136.350 -0.797
136.400 -0.680
136.450 -0.570
136.500 -0.459
136.550 -0.356
136.600 -0.252
136.650 -0.159
136.700 -0.065
136.750 0.017
136.800 0.099
136.850 0.169
136.900 0.239
136.950 0.295
137.000 0.352
137.050 0.395
137.100 0.438
137.150 0.467
137.200 0.497
137.250 0.513
137.300 0.530
137.350 0.535
137.400 0.540
137.450 0.535
137.500 0.529
137.550 0.515
137.600 0.500
137.650 0.479
137.700 0.458
137.750 0.431
137.800 0.404
137.850 0.374
137.900 0.344
137.950 0.313
138.000 0.281
138.050 0.249
138.100 0.217
138.150 0.187
138.200 0.157
138.250 0.129
138.300 0.101
138.350 0.076
138.400 0.052
138.450 0.031
138.500 0.010
138.550 -0.008
138.600 -0.025
138.650 -0.038
138.700 -0.052
138.750 -0.062
138.800 -0.072
138.850 -0.079
138.900 -0.087
138.950 -0.092
139.000 -0.098
139.050 -0.102
139.100 -0.107
139.150 -0.111
139.200 -0.115
139.250 -0.119
139.300 -0.123
139.350 -0.128
139.400 -0.133
139.450 -0.140
139.500 -0.146
139.550 -0.153
139.600 -0.160
139.650 -0.168
139.700 -0.175
139.750 -0.183
139.800 -0.191
139.850 -0.197
139.900 -0.204
139.950 -0.209
140.000 -0.213
140.050 -0.214
140.100 -0.215
140.150 -0.210
140.200 -0.206
140.250 -0.194
140.300 -0.183
140.350 -0.163
140.400 -0.143
140.450 -0.114
140.500 -0.084
140.550 -0.043
140.600 -0.003
140.650 0.049
140.700 0.102
140.750 0.166
140.800 0.229
140.850 0.305
140.900 0.380
140.950 0.467
141.000 0.553
141.050 0.648
141.100 0.743
141.150 0.846
141.200 0.949
141.250 1.056
141.300 1.163
141.350 1.273
141.400 1.382
141.450 1.490
141.500 1.598
141.550 1.702
141.600 1.805
141.650 1.901
141.700 1.997
141.750 2.082
141.800 2.167
141.850 2.238
141.900 2.309
141.950 2.364
142.000 2.420
142.050 2.457
142.100 2.495
142.150 2.513
142.200 2.532
142.250 2.531
142.300 2.531
142.350 2.511
142.400 2.492
142.450 2.454
142.500 2.417
142.550 2.364
142.600 2.310
142.650 2.243
142.700 2.177
142.750 2.099
142.800 2.021
142.850 1.935
142.900 1.850
142.950 1.760
143.000 1.670
143.050 1.579
143.100 1.488
143.150 1.399
143.200 1.310
143.250 1.225
143.300 1.141
143.350 1.064
143.400 0.987
143.450 0.919
143.500 0.850
143.550 0.792
143.600 0.734
143.650 0.687
143.700 0.640
143.750 0.603
143.800 0.567
143.850 0.541
143.900 0.514
143.950 0.497
144.000 0.479
144.050 0.469
144.100 0.459
144.150 0.455
144.200 0.450
144.250 0.449
144.300 0.448
144.350 0.448
144.400 0.449
144.450 0.449
144.500 0.448
144.550 0.446
144.600 0.443
144.650 0.436
144.700 0.430
144.750 0.418
144.800 0.406
144.850 0.388
144.900 0.370
144.950 0.346
145.000 0.321
145.050 0.290
145.100 0.259
145.150 0.222
145.200 0.184
145.250 0.141
145.300 0.098
145.350 0.049
145.400 0.001
145.450 -0.052
145.500 -0.104
145.550 -0.160
145.600 -0.216
145.650 -0.275
145.700 -0.333
145.750 -0.393
145.800 -0.453
145.850 -0.513
145.900 -0.574
145.950 -0.635
146.000 -0.696
146.050 -0.756
146.100 -0.817
146.150 -0.877
146.200 -0.937
146.250 -0.996
146.300 -1.055
146.350 -1.114
146.400 -1.172
146.450 -1.229
146.500 -1.287
146.550 -1.343
146.600 -1.399
146.650 -1.455
146.700 -1.510
146.750 -1.565
146.800 -1.619
146.850 -1.672
146.900 -1.726
146.950 -1.777
147.000 -1.829
147.050 -1.878
147.100 -1.928
147.150 -1.975
147.200 -2.023
147.250 -2.067
147.300 -2.111
147.350 -2.152
147.400 -2.193
147.450 -2.229
147.500 -2.266
147.550 -2.297
147.600 -2.329
147.650 -2.355
147.700 -2.381
147.750 -2.401
147.800 -2.421
147.850 -2.435
147.900 -2.449
147.950 -2.457
148.000 -2.464
148.050 -2.464
148.100 -2.465
148.150 -2.459
148.200 -2.453
148.250 -2.440
148.300 -2.427
148.350 -2.408
148.400 -2.389
148.450 -2.364
148.500 -2.339
148.550 -2.308
148.600 -2.276
148.650 -2.240
148.700 -2.203
148.750 -2.161
148.800 -2.119
148.850 -2.072
148.900 -2.025
148.950 -1.972
149.000 -1.920
149.050 -1.863
149.100 -1.806
149.150 -1.744
149.200 -1.683
149.250 -1.616
149.300 -1.550
149.350 -1.478
149.400 -1.407
149.450 -1.331
149.500 -1.256
149.550 -1.175
149.600 -1.095
149.650 -1.011
149.700 -0.927
149.750 -0.839
149.800 -0.751
149.850 -0.660
149.900 -0.569
149.950 -0.476
150.000 -0.382
150.050 -0.288
150.100 -0.193
150.150 -0.098
150.200 -0.003
150.250 0.091
150.300 0.185
150.350 0.278
150.400 0.370
150.450 0.459
150.500 0.548
150.550 0.632
150.600 0.717
150.650 0.796
150.700 0.875
150.750 0.948
150.800 1.020
150.850 1.086
150.900 1.152
150.950 1.211
151.000 1.269
151.050 1.320
151.100 1.371
151.150 1.415
151.200 1.459
151.250 1.496
151.300 1.534
151.350 1.565
151.400 1.596
151.450 1.622
151.500 1.648
151.550 1.670
151.600 1.692
151.650 1.711
151.700 1.730
151.750 1.747
151.800 1.764
151.850 1.781
151.900 1.797
151.950 1.813
152.000 1.830
152.050 1.847
152.100 1.864
152.150 1.882
152.200 1.901
152.250 1.920
152.300 1.940
152.350 1.961
152.400 1.982
152.450 2.004
152.500 2.027
152.550 2.049
152.600 2.071
152.650 2.093
152.700 2.115
152.750 2.136
152.800 2.157
152.850 2.175
152.900 2.193
152.950 2.208
153.000 2.223
153.050 2.233
153.100 2.244
153.150 2.249
153.200 2.254
153.250 2.252
153.300 2.251
153.350 2.243
153.400 2.235
153.450 2.219
153.500 2.204
153.550 2.181
153.600 2.158
153.650 2.127
153.700 2.096
153.750 2.058
153.800 2.019
153.850 1.973
153.900 1.927
153.950 1.874
154.000 1.820
154.050 1.760
154.100 1.700
154.150 1.633
154.200 1.566
154.250 1.494
154.300 1.421
154.350 1.342
154.400 1.264
154.450 1.180
154.500 1.097
154.550 1.009
154.600 0.921
154.650 0.829
154.700 0.737
154.750 0.642
154.800 0.546
154.850 0.449
154.900 0.351
154.950 0.251
155.000 0.152
155.050 0.051
155.100 -0.049
155.150 -0.149
155.200 -0.249
155.250 -0.347
155.300 -0.446
155.350 -0.541
155.400 -0.636
155.450 -0.727
155.500 -0.818
155.550 -0.903
155.600 -0.987
155.650 -1.065
155.700 -1.142
155.750 -1.210
155.800 -1.279
155.850 -1.337
155.900 -1.395
155.950 -1.442
156.000 -1.489
156.050 -1.524
156.100 -1.559
156.150 -1.582
156.200 -1.605
156.250 -1.616
156.300 -1.627
156.350 -1.627
156.400 -1.626
156.450 -1.615
156.500 -1.604
156.550 -1.584
156.600 -1.564
156.650 -1.537
156.700 -1.510
156.750 -1.478
156.800 -1.446
156.850 -1.411
156.900 -1.376
156.950 -1.342
157.000 -1.307
157.050 -1.274
157.100 -1.242
157.150 -1.214
157.200 -1.186
157.250 -1.165
157.300 -1.144
157.350 -1.132
157.400 -1.119
157.450 -1.116
157.500 -1.113
157.550 -1.120
157.600 -1.127
157.650 -1.145
157.700 -1.162
157.750 -1.190
157.800 -1.217
157.850 -1.253
157.900 -1.289
157.950 -1.332
158.000 -1.375
158.050 -1.423
158.100 -1.471
158.150 -1.521
158.200 -1.571
158.250 -1.622
158.300 -1.672
158.350 -1.719
158.400 -1.767
158.450 -1.809
158.500 -1.851
158.550 -1.886
158.600 -1.920
158.650 -1.945
158.700 -1.969
158.750 -1.982
158.800 -1.995
158.850 -1.995
158.900 -1.995
158.950 -1.981
159.000 -1.968
159.050 -1.941
159.100 -1.914
159.150 -1.873
159.200 -1.833
159.250 -1.780
159.300 -1.727
159.350 -1.663
159.400 -1.599
159.450 -1.525
159.500 -1.451
159.550 -1.369
159.600 -1.287
159.650 -1.198
159.700 -1.110
159.750 -1.017
159.800 -0.924
159.850 -0.829
159.900 -0.733
159.950 -0.637
160.000 -0.540
160.050 -0.444
160.100 -0.348
160.150 -0.253
160.200 -0.158
160.250 -0.065
160.300 0.027
160.350 0.117
160.400 0.207
160.450 0.294
160.500 0.381
160.550 0.465
160.600 0.548
160.650 0.629
160.700 0.709
160.750 0.786
160.800 0.863
160.850 0.938
160.900 1.012
160.950 1.083
161.000 1.154
161.050 1.222
161.100 1.291
161.150 1.356
161.200 1.421
161.250 1.482
161.300 1.544
161.350 1.601
161.400 1.659
161.450 1.712
161.500 1.765
161.550 1.813
161.600 1.861
161.650 1.904
161.700 1.946
161.750 1.981
161.800 2.017
161.850 2.046
161.900 2.074
161.950 2.095
162.000 2.115
162.050 2.128
162.100 2.141
162.150 2.145
162.200 2.150
162.250 2.146
162.300 2.143
162.350 2.132
162.400 2.120
162.450 2.102
162.500 2.084
162.550 2.060
162.600 2.036
162.650 2.007
162.700 1.978
162.750 1.945
162.800 1.913
162.850 1.878
162.900 1.843
162.950 1.808
163.000 1.773
163.050 1.738
163.100 1.704
163.150 1.671
163.200 1.638
163.250 1.609
163.300 1.579
163.350 1.554
163.400 1.528
163.450 1.507
163.500 1.486
163.550 1.469
163.600 1.452
163.650 1.439
163.700 1.427
163.750 1.418
163.800 1.409
163.850 1.403
163.900 1.397
163.950 1.392
164.000 1.388
164.050 1.383
164.100 1.379
164.150 1.373
164.200 1.367
164.250 1.358
164.300 1.349
164.350 1.335
164.400 1.322
164.450 1.302
164.500 1.282
164.550 1.254
164.600 1.226
164.650 1.190
164.700 1.153
164.750 1.107
164.800 1.060
164.850 1.004
164.900 0.948
164.950 0.881
165.000 0.814
165.050 0.737
165.100 0.661
165.150 0.574
165.200 0.488
165.250 0.394
165.300 0.299
165.350 0.198
165.400 0.096
165.450 -0.011
165.500 -0.119
165.550 -0.230
165.600 -0.341
165.650 -0.453
165.700 -0.566
165.750 -0.679
165.800 -0.792
165.850 -0.903
165.900 -1.015
165.950 -1.122
166.000 -1.230
166.050 -1.332
166.100 -1.434
166.150 -1.529
166.200 -1.625
166.250 -1.712
166.300 -1.800
166.350 -1.878
166.400 -1.957
166.450 -2.026
166.500 -2.096
166.550 -2.155
166.600 -2.214
166.650 -2.264
166.700 -2.314
166.750 -2.353
166.800 -2.393
166.850 -2.424
166.900 -2.454
166.950 -2.476
167.000 -2.498
167.050 -2.511
167.100 -2.525
167.150 -2.531
167.200 -2.537
167.250 -2.537
167.300 -2.537
167.350 -2.531
167.400 -2.525
167.450 -2.513
167.500 -2.502
167.550 -2.487
167.600 -2.471
167.650 -2.451
167.700 -2.432
167.750 -2.409
167.800 -2.386
167.850 -2.359
167.900 -2.333
167.950 -2.303
168.000 -2.273
168.050 -2.240
168.100 -2.207
168.150 -2.171
168.200 -2.135
168.250 -2.095
168.300 -2.055
168.350 -2.012
168.400 -1.969
168.450 -1.921
168.500 -1.874
168.550 -1.823
168.600 -1.771
168.650 -1.715
168.700 -1.660
168.750 -1.600
168.800 -1.540
168.850 -1.475
168.900 -1.411
168.950 -1.343
169.000 -1.274
169.050 -1.202
169.100 -1.130
169.150 -1.055
169.200 -0.979
169.250 -0.901
169.300 -0.823
169.350 -0.742
169.400 -0.662
169.450 -0.581
169.500 -0.499
169.550 -0.417
169.600 -0.336
169.650 -0.254
169.700 -0.173
169.750 -0.094
169.800 -0.015
169.850 0.062
169.900 0.138
169.950 0.211
170.000 0.283
170.050 0.351
170.100 0.419
170.150 0.481
170.200 0.543
170.250 0.599
170.300 0.654
170.350 0.702
170.400 0.751
170.450 0.791
170.500 0.831
170.550 0.863
170.600 0.896
170.650 0.919
170.700 0.943
170.750 0.958
170.800 0.973
170.850 0.980
170.900 0.986
170.950 0.985
171.000 0.983
171.050 0.974
171.100 0.964
171.150 0.948
171.200 0.931
171.250 0.908
171.300 0.885
171.350 0.857
171.400 0.828
171.450 0.796
171.500 0.763
171.550 0.726
171.600 0.690
171.650 0.651
171.700 0.613
171.750 0.574
171.800 0.534
171.850 0.495
171.900 0.456
171.950 0.419
172.000 0.381
172.050 0.347
172.100 0.312
172.150 0.282
172.200 0.252
172.250 0.226
172.300 0.201
172.350 0.182
172.400 0.163
172.450 0.151
172.500 0.138
172.550 0.133
172.600 0.129
172.650 0.132
172.700 0.135
172.750 0.146
172.800 0.157
172.850 0.177
172.900 0.196
172.950 0.223
173.000 0.251
173.050 0.286
173.100 0.321
173.150 0.362
173.200 0.404
173.250 0.453
173.300 0.501
173.350 0.555
173.400 0.609
173.450 0.668
173.500 0.726
173.550 0.789
173.600 0.852
173.650 0.917
173.700 0.983
173.750 1.051
173.800 1.119
173.850 1.188
173.900 1.257
173.950 1.327
174.000 1.398
174.050 1.468
174.100 1.538
174.150 1.609
174.200 1.679
174.250 1.749
174.300 1.818
174.350 1.888
174.400 1.957
174.450 2.025
174.500 2.093
174.550 2.160
174.600 2.227
174.650 2.293
174.700 2.359
174.750 2.424
174.800 2.488
174.850 2.551
174.900 2.615
174.950 2.676
175.000 2.737
175.050 2.795
175.100 2.854
175.150 2.909
175.200 2.965
175.250 3.016
175.300 3.067
175.350 3.113
175.400 3.160
175.450 3.199
175.500 3.239
175.550 3.271
175.600 3.302
175.650 3.325
175.700 3.347
175.750 3.359
175.800 3.370
175.850 3.369
175.900 3.368
175.950 3.353
176.000 3.338
176.050 3.308
176.100 3.278
176.150 3.231
176.200 3.184
176.250 3.120
176.300 3.056
176.350 2.974
176.400 2.892
176.450 2.792
176.500 2.692
176.550 2.575
176.600 2.457
176.650 2.323
176.700 2.188
176.750 2.038
176.800 1.888
176.850 1.723
176.900 1.559
176.950 1.382
177.000 1.205
177.050 1.018
177.100 0.831
177.150 0.636
177.200 0.441
177.250 0.241
177.300 0.041
177.350 -0.162
177.400 -0.365
177.450 -0.567
177.500 -0.770
177.550 -0.969
177.600 -1.169
177.650 -1.364
177.700 -1.558
177.750 -1.745
177.800 -1.933
177.850 -2.111
177.900 -2.289
177.950 -2.456
178.000 -2.623
178.050 -2.779
178.100 -2.934
178.150 -3.076
178.200 -3.219
178.250 -3.348
178.300 -3.477
178.350 -3.592
178.400 -3.707
178.450 -3.809
178.500 -3.911
178.550 -4.000
178.600 -4.088
178.650 -4.164
178.700 -4.240
178.750 -4.303
178.800 -4.366
178.850 -4.418
178.900 -4.470
178.950 -4.511
179.000 -4.552
179.050 -4.582
179.100 -4.612
179.150 -4.633
179.200 -4.653
179.250 -4.664
179.300 -4.675
179.350 -4.676
179.400 -4.678
179.450 -4.670
179.500 -4.663
179.550 -4.646
179.600 -4.629
179.650 -4.603
179.700 -4.577
179.750 -4.542
179.800 -4.506
179.850 -4.462
179.900 -4.417
179.950 -4.363
180.000 -4.308
180.050 -4.244
180.100 -4.180
180.150 -4.107
180.200 -4.034
180.250 -3.951
180.300 -3.868
180.350 -3.777
180.400 -3.685
180.450 -3.586
180.500 -3.486
180.550 -3.379
180.600 -3.271
180.650 -3.158
180.700 -3.044
180.750 -2.925
180.800 -2.806
180.850 -2.684
180.900 -2.561
180.950 -2.435
181.000 -2.310
181.050 -2.184
181.100 -2.058
181.150 -1.932
181.200 -1.806
181.250 -1.683
181.300 -1.559
181.350 -1.438
181.400 -1.318
181.450 -1.202
181.500 -1.086
181.550 -0.976
181.600 -0.865
181.650 -0.760
181.700 -0.656
181.750 -0.558
181.800 -0.460
181.850 -0.369
181.900 -0.277
181.950 -0.192
182.000 -0.107
182.050 -0.028
182.100 0.052
182.150 0.126
182.200 0.200
182.250 0.270
182.300 0.340
182.350 0.408
182.400 0.475
182.450 0.541
182.500 0.606
182.550 0.671
182.600 0.737
182.650 0.803
182.700 0.869
182.750 0.937
182.800 1.006
182.850 1.077
182.900 1.148
182.950 1.223
183.000 1.299
183.050 1.378
183.100 1.457
183.150 1.541
183.200 1.625
183.250 1.713
183.300 1.802
183.350 1.893
183.400 1.985
183.450 2.080
183.500 2.175
183.550 2.271
183.600 2.367
183.650 2.464
183.700 2.561
183.750 2.656
183.800 2.751
183.850 2.843
183.900 2.935
183.950 3.022
184.000 3.108
184.050 3.188
184.100 3.268
184.150 3.339
184.200 3.409
184.250 3.470
184.300 3.530
184.350 3.578
184.400 3.627
184.450 3.662
184.500 3.697
184.550 3.718
184.600 3.739
184.650 3.746
184.700 3.753
184.750 3.744
184.800 3.736
184.850 3.714
184.900 3.691
184.950 3.655
185.000 3.619
185.050 3.569
185.100 3.520
185.150 3.459
185.200 3.397
185.250 3.326
185.300 3.254
185.350 3.174
185.400 3.094
185.450 3.006
185.500 2.919
185.550 2.826
185.600 2.734
185.650 2.638
185.700 2.542
185.750 2.444
185.800 2.347
185.850 2.249
185.900 2.151
185.950 2.054
186.000 1.958
186.050 1.864
186.100 1.770
186.150 1.680
186.200 1.590
186.250 1.504
186.300 1.418
186.350 1.338
186.400 1.257
186.450 1.183
186.500 1.108
186.550 1.039
186.600 0.970
186.650 0.908
186.700 0.845
186.750 0.788
186.800 0.732
186.850 0.681
186.900 0.631
186.950 0.586
187.000 0.541
187.050 0.502
187.100 0.463
187.150 0.430
187.200 0.397
187.250 0.369
187.300 0.341
187.350 0.318
187.400 0.295
187.450 0.277
187.500 0.260
187.550 0.247
187.600 0.234
187.650 0.226
187.700 0.219
187.750 0.216
187.800 0.213
187.850 0.215
187.900 0.217
187.950 0.223
188.000 0.230
188.050 0.241
188.100 0.252
188.150 0.267
188.200 0.282
188.250 0.301
188.300 0.320
188.350 0.343
188.400 0.365
188.450 0.390
188.500 0.416
188.550 0.443
188.600 0.471
188.650 0.499
188.700 0.528
188.750 0.558
188.800 0.587
188.850 0.616
188.900 0.645
188.950 0.672
189.000 0.699
189.050 0.724
189.100 0.749
189.150 0.770
189.200 0.791
189.250 0.808
189.300 0.824
189.350 0.835
189.400 0.846
189.450 0.850
189.500 0.855
189.550 0.852
189.600 0.849
189.650 0.837
189.700 0.826
189.750 0.806
189.800 0.786
189.850 0.757
189.900 0.728
189.950 0.690
190.000 0.652
190.050 0.604
190.100 0.556
190.150 0.498
190.200 0.441
190.250 0.374
190.300 0.307
190.350 0.231
190.400 0.155
190.450 0.070
190.500 -0.015
190.550 -0.107
190.600 -0.200
190.650 -0.301
190.700 -0.402
190.750 -0.509
190.800 -0.617
190.850 -0.730
190.900 -0.844
190.950 -0.963
191.000 -1.082
191.050 -1.206
191.100 -1.329
191.150 -1.456
191.200 -1.583
191.250 -1.713
191.300 -1.842
191.350 -1.973
191.400 -2.104
191.450 -2.236
191.500 -2.367
191.550 -2.498
191.600 -2.629
191.650 -2.758
191.700 -2.887
191.750 -3.013
191.800 -3.139
191.850 -3.261
191.900 -3.383
191.950 -3.500
192.000 -3.616
192.050 -3.727
192.100 -3.838
192.150 -3.941
192.200 -4.044
192.250 -4.140
192.300 -4.235
192.350 -4.321
192.400 -4.408
192.450 -4.484
192.500 -4.561
192.550 -4.627
192.600 -4.694
192.650 -4.750
192.700 -4.805
192.750 -4.850
192.800 -4.895
192.850 -4.929
192.900 -4.962
192.950 -4.985
193.000 -5.007
193.050 -5.019
193.100 -5.030
193.150 -5.031
193.200 -5.031
193.250 -5.021
193.300 -5.010
193.350 -4.989
193.400 -4.969
193.450 -4.937
193.500 -4.906
193.550 -4.865
193.600 -4.823
193.650 -4.772
193.700 -4.721
193.750 -4.659
193.800 -4.598
193.850 -4.527
193.900 -4.455
193.950 -4.374
194.000 -4.292
194.050 -4.200
194.100 -4.109
194.150 -4.006
194.200 -3.903
194.250 -3.790
194.300 -3.676
194.350 -3.551
194.400 -3.426
194.450 -3.289
194.500 -3.152
194.550 -3.003
194.600 -2.854
194.650 -2.692
194.700 -2.531
194.750 -2.357
194.800 -2.184
194.850 -1.998
194.900 -1.813
194.950 -1.615
195.000 -1.418
195.050 -1.210
195.100 -1.002
195.150 -0.785
195.200 -0.567
195.250 -0.341
195.300 -0.116
195.350 0.117
195.400 0.349
195.450 0.586
195.500 0.822
195.550 1.061
195.600 1.300
195.650 1.539
195.700 1.778
195.750 2.014
195.800 2.250
195.850 2.480
195.900 2.710
195.950 2.933
196.000 3.155
196.050 3.366
196.100 3.578
196.150 3.776
196.200 3.975
196.250 4.158
196.300 4.341
196.350 4.507
196.400 4.672
196.450 4.820
196.500 4.967
196.550 5.094
196.600 5.221
196.650 5.327
196.700 5.434
196.750 5.519
196.800 5.604
196.850 5.669
196.900 5.733
196.950 5.776
197.000 5.819
197.050 5.842
197.100 5.865
197.150 5.869
197.200 5.873
197.250 5.859
197.300 5.844
197.350 5.813
197.400 5.782
197.450 5.736
197.500 5.690
197.550 5.630
197.600 5.570
197.650 5.498
197.700 5.426
197.750 5.344
197.800 5.261
197.850 5.170
197.900 5.079
197.950 4.980
198.000 4.882
198.050 4.777
198.100 4.673
198.150 4.564
198.200 4.454
198.250 4.342
198.300 4.230
198.350 4.115
198.400 4.001
198.450 3.885
198.500 3.770
198.550 3.654
198.600 3.538
198.650 3.423
198.700 3.308
198.750 3.194
198.800 3.080
198.850 2.969
198.900 2.857
198.950 2.747
199.000 2.638
199.050 2.531
199.100 2.424
199.150 2.320
199.200 2.216
199.250 2.115
199.300 2.014
199.350 1.916
199.400 1.818
199.450 1.722
199.500 1.627
199.550 1.533
199.600 1.440
199.650 1.348
199.700 1.256
199.750 1.166
199.800 1.075
199.850 0.985
199.900 0.895
199.950 0.805
200.000 0.714
200.050 0.623
200.100 0.532
200.150 0.440
200.200 0.347
200.250 0.252
200.300 0.158
200.350 0.061
200.400 -0.036
200.450 -0.136
200.500 -0.236
200.550 -0.339
200.600 -0.441
200.650 -0.547
200.700 -0.652
200.750 -0.760
200.800 -0.868
200.850 -0.978
200.900 -1.088
200.950 -1.199
201.000 -1.310
201.050 -1.422
201.100 -1.534
201.150 -1.646
201.200 -1.757
201.250 -1.867
201.300 -1.977
201.350 -2.085
201.400 -2.192
201.450 -2.296
201.500 -2.401
201.550 -2.500
201.600 -2.600
201.650 -2.694
201.700 -2.788
201.750 -2.876
201.800 -2.965
201.850 -3.046
201.900 -3.127
201.950 -3.201
202.000 -3.275
202.050 -3.342
202.100 -3.408
202.150 -3.466
202.200 -3.525
202.250 -3.575
202.300 -3.625
202.350 -3.668
202.400 -3.710
202.450 -3.744
202.500 -3.778
202.550 -3.804
202.600 -3.830
202.650 -3.849
202.700 -3.867
202.750 -3.877
202.800 -3.887
202.850 -3.889
202.900 -3.891
202.950 -3.885
203.000 -3.879
203.050 -3.865
203.100 -3.850
203.150 -3.827
203.200 -3.804
203.250 -3.773
203.300 -3.741
203.350 -3.701
203.400 -3.660
203.450 -3.611
203.500 -3.562
203.550 -3.503
203.600 -3.445
203.650 -3.378
203.700 -3.311
203.750 -3.235
203.800 -3.160
203.850 -3.076
203.900 -2.993
203.950 -2.902
204.000 -2.812
204.050 -2.715
204.100 -2.618
204.150 -2.517
204.200 -2.415
204.250 -2.310
204.300 -2.205
204.350 -2.097
204.400 -1.990
204.450 -1.882
204.500 -1.774
204.550 -1.667
204.600 -1.560
204.650 -1.455
204.700 -1.351
204.750 -1.249
204.800 -1.148
204.850 -1.052
204.900 -0.956
204.950 -0.865
205.000 -0.774
205.050 -0.689
205.100 -0.604
205.150 -0.525
205.200 -0.446
205.250 -0.373
205.300 -0.300
205.350 -0.232
205.400 -0.164
205.450 -0.101
205.500 -0.037
205.550 0.023
205.600 0.083
205.650 0.141
205.700 0.199
205.750 0.257
205.800 0.314
205.850 0.372
205.900 0.430
205.950 0.490
206.000 0.550
206.050 0.612
206.100 0.675
206.150 0.741
206.200 0.807
206.250 0.877
206.300 0.948
206.350 1.022
206.400 1.096
206.450 1.174
206.500 1.252
206.550 1.333
206.600 1.414
206.650 1.498
206.700 1.581
206.750 1.665
206.800 1.750
206.850 1.833
206.900 1.917
206.950 1.999
207.000 2.081
207.050 2.159
207.100 2.237
207.150 2.310
207.200 2.383
207.250 2.449
207.300 2.516
207.350 2.575
207.400 2.634
207.450 2.684
207.500 2.734
207.550 2.776
207.600 2.817
207.650 2.849
207.700 2.881
207.750 2.903
207.800 2.926
207.850 2.940
207.900 2.954
207.950 2.959
208.000 2.965
208.050 2.963
208.100 2.961
208.150 2.953
208.200 2.945
208.250 2.931
208.300 2.917
208.350 2.898
208.400 2.880
208.450 2.857
208.500 2.835
208.550 2.809
208.600 2.784
208.650 2.755
208.700 2.727
208.750 2.696
208.800 2.665
208.850 2.631
208.900 2.598
208.950 2.561
209.000 2.524
209.050 2.485
209.100 2.445
209.150 2.401
209.200 2.357
209.250 2.308
209.300 2.260
209.350 2.206
209.400 2.153
209.450 2.093
209.500 2.034
209.550 1.968
209.600 1.903
209.650 1.831
209.700 1.759
209.750 1.680
209.800 1.602
209.850 1.517
209.900 1.432
209.950 1.342
210.000 1.252
210.050 1.157
210.100 1.061
210.150 0.963
210.200 0.864
210.250 0.762
210.300 0.660
210.350 0.558
210.400 0.455
210.450 0.352
210.500 0.250
210.550 0.149
210.600 0.048
210.650 -0.050
210.700 -0.148
210.750 -0.242
210.800 -0.336
210.850 -0.424
210.900 -0.513
210.950 -0.595
211.000 -0.678
211.050 -0.754
211.100 -0.830
211.150 -0.899
211.200 -0.969
211.250 -1.032
211.300 -1.095
211.350 -1.151
211.400 -1.208
211.450 -1.259
211.500 -1.310
211.550 -1.357
211.600 -1.403
211.650 -1.446
211.700 -1.489
211.750 -1.529
211.800 -1.568
211.850 -1.607
211.900 -1.645
211.950 -1.682
212.000 -1.720
212.050 -1.758
212.100 -1.796
212.150 -1.835
212.200 -1.873
212.250 -1.914
212.300 -1.954
212.350 -1.997
212.400 -2.039
212.450 -2.084
212.500 -2.129
212.550 -2.176
212.600 -2.223
212.650 -2.272
212.700 -2.320
212.750 -2.371
212.800 -2.421
212.850 -2.472
212.900 -2.524
212.950 -2.575
213.000 -2.626
213.050 -2.677
213.100 -2.727
213.150 -2.776
213.200 -2.825
213.250 -2.871
213.300 -2.917
213.350 -2.959
213.400 -3.002
213.450 -3.039
213.500 -3.077
213.550 -3.109
213.600 -3.140
213.650 -3.166
213.700 -3.191
213.750 -3.208
213.800 -3.226
213.850 -3.235
213.900 -3.245
213.950 -3.245
214.000 -3.246
214.050 -3.237
214.100 -3.228
214.150 -3.209
214.200 -3.190
214.250 -3.161
214.300 -3.133
214.350 -3.093
214.400 -3.054
214.450 -3.005
214.500 -2.956
214.550 -2.896
214.600 -2.837
214.650 -2.768
214.700 -2.699
214.750 -2.620
214.800 -2.542
214.850 -2.454
214.900 -2.367
214.950 -2.272
215.000 -2.177
215.050 -2.074
215.100 -1.972
215.150 -1.863
215.200 -1.754
215.250 -1.639
215.300 -1.525
215.350 -1.407
215.400 -1.288
215.450 -1.166
215.500 -1.044
215.550 -0.920
215.600 -0.795
215.650 -0.670
215.700 -0.544
215.750 -0.418
215.800 -0.292
215.850 -0.166
215.900 -0.041
215.950 0.084
216.000 0.208
216.050 0.331
216.100 0.453
216.150 0.573
216.200 0.694
216.250 0.811
216.300 0.928
216.350 1.043
216.400 1.157
216.450 1.268
216.500 1.378
216.550 1.485
216.600 1.593
216.650 1.696
216.700 1.799
216.750 1.899
216.800 1.998
216.850 2.094
216.900 2.189
216.950 2.281
217.000 2.372
217.050 2.459
217.100 2.546
217.150 2.629
217.200 2.712
217.250 2.790
217.300 2.868
217.350 2.942
217.400 3.015
217.450 3.083
217.500 3.152
217.550 3.215
217.600 3.278
217.650 3.336
217.700 3.394
217.750 3.446
217.800 3.499
217.850 3.545
217.900 3.592
217.950 3.633
218.000 3.674
218.050 3.709
218.100 3.745
218.150 3.774
218.200 3.804
218.250 3.828
218.300 3.853
218.350 3.872
218.400 3.891
218.450 3.905
218.500 3.919
218.550 3.928
218.600 3.937
218.650 3.942
218.700 3.946
218.750 3.946
218.800 3.946
218.850 3.941
218.900 3.936
218.950 3.926
219.000 3.917
219.050 3.902
219.100 3.887
219.150 3.867
219.200 3.846
219.250 3.820
219.300 3.793
219.350 3.760
219.400 3.727
219.450 3.685
219.500 3.644
219.550 3.594
219.600 3.544
219.650 3.484
219.700 3.424
219.750 3.354
219.800 3.283
219.850 3.201
219.900 3.118
219.950 3.023
220.000 2.928
220.050 2.820
220.100 2.712
220.150 2.591
220.200 2.469
220.250 2.334
220.300 2.200
220.350 2.052
220.400 1.904
220.450 1.744
220.500 1.584
220.550 1.412
220.600 1.241
220.650 1.060
220.700 0.879
220.750 0.691
220.800 0.502
220.850 0.308
220.900 0.113
220.950 -0.084
221.000 -0.282
221.050 -0.480
221.100 -0.679
221.150 -0.876
221.200 -1.072
221.250 -1.265
221.300 -1.457
221.350 -1.642
221.400 -1.828
221.450 -2.004
221.500 -2.180
221.550 -2.345
221.600 -2.510
221.650 -2.661
221.700 -2.813
221.750 -2.949
221.800 -3.086
221.850 -3.207
221.900 -3.328
221.950 -3.432
222.000 -3.536
222.050 -3.623
222.100 -3.709
222.150 -3.779
222.200 -3.848
222.250 -3.900
222.300 -3.953
222.350 -3.988
222.400 -4.024
222.450 -4.043
222.500 -4.062
222.550 -4.066
222.600 -4.070
222.650 -4.059
222.700 -4.049
222.750 -4.025
222.800 -4.001
222.850 -3.965
222.900 -3.929
222.950 -3.881
223.000 -3.834
223.050 -3.776
223.100 -3.718
223.150 -3.651
223.200 -3.584
223.250 -3.508
223.300 -3.433
223.350 -3.350
223.400 -3.267
223.450 -3.178
223.500 -3.089
223.550 -2.995
223.600 -2.900
223.650 -2.801
223.700 -2.702
223.750 -2.600
223.800 -2.498
223.850 -2.393
223.900 -2.288
223.950 -2.182
224.000 -2.075
224.050 -1.969
224.100 -1.862
224.150 -1.757
224.200 -1.651
224.250 -1.547
224.300 -1.444
224.350 -1.343
224.400 -1.243
224.450 -1.147
224.500 -1.051
224.550 -0.960
224.600 -0.869
224.650 -0.785
224.700 -0.701
224.750 -0.624
224.800 -0.548
224.850 -0.479
224.900 -0.410
224.950 -0.350
225.000 -0.291
225.050 -0.240
225.100 -0.190
225.150 -0.149
225.200 -0.108
225.250 -0.076
225.300 -0.045
225.350 -0.023
225.400 -0.001
225.450 0.011
225.500 0.023
225.550 0.027
225.600 0.030
225.650 0.025
225.700 0.020
225.750 0.007
225.800 -0.006
225.850 -0.026
225.900 -0.046
225.950 -0.073
226.000 -0.100
226.050 -0.132
226.100 -0.164
226.150 -0.201
226.200 -0.239
226.250 -0.280
226.300 -0.321
226.350 -0.365
226.400 -0.410
226.450 -0.457
226.500 -0.503
226.550 -0.552
226.600 -0.600
226.650 -0.649
226.700 -0.698
226.750 -0.747
226.800 -0.796
226.850 -0.844
226.900 -0.892
226.950 -0.938
227.000 -0.984
227.050 -1.027
227.100 -1.070
227.150 -1.109
227.200 -1.148
227.250 -1.182
227.300 -1.216
227.350 -1.244
227.400 -1.271
227.450 -1.292
227.500 -1.312
227.550 -1.324
227.600 -1.336
227.650 -1.338
227.700 -1.340
227.750 -1.331
227.800 -1.322
227.850 -1.302
227.900 -1.281
227.950 -1.248
228.000 -1.215
228.050 -1.168
228.100 -1.122
228.150 -1.061
228.200 -1.000
228.250 -0.925
228.300 -0.850
228.350 -0.761
228.400 -0.672
228.450 -0.568
228.500 -0.465
228.550 -0.348
228.600 -0.231
228.650 -0.101
228.700 0.028
228.750 0.170
228.800 0.311
228.850 0.462
228.900 0.613
228.950 0.773
229.000 0.933
229.050 1.099
229.100 1.265
229.150 1.435
229.200 1.605
229.250 1.777
229.300 1.948
229.350 2.120
229.400 2.291
229.450 2.459
229.500 2.626
229.550 2.788
229.600 2.950
229.650 3.104
229.700 3.258
229.750 3.400
229.800 3.543
229.850 3.673
229.900 3.803
229.950 3.918
230.000 4.033
230.050 4.131
230.100 4.229
230.150 4.309
230.200 4.389
230.250 4.449
230.300 4.510
230.350 4.551
230.400 4.591
230.450 4.611
230.500 4.632
230.550 4.632
230.600 4.632
230.650 4.612
230.700 4.593
230.750 4.554
230.800 4.516
230.850 4.460
230.900 4.403
230.950 4.331
231.000 4.259
231.050 4.172
231.100 4.086
231.150 3.987
231.200 3.888
231.250 3.779
231.300 3.670
231.350 3.553
231.400 3.436
231.450 3.314
231.500 3.191
231.550 3.065
231.600 2.940
231.650 2.812
231.700 2.685
231.750 2.559
231.800 2.432
231.850 2.308
231.900 2.183
231.950 2.063
232.000 1.942
232.050 1.826
232.100 1.711
232.150 1.600
232.200 1.490
232.250 1.386
232.300 1.282
232.350 1.184
232.400 1.086
232.450 0.994
232.500 0.902
232.550 0.816
232.600 0.729
232.650 0.648
232.700 0.567
232.750 0.491
232.800 0.414
232.850 0.341
232.900 0.268
232.950 0.198
233.000 0.129
233.050 0.061
233.100 -0.007
233.150 -0.073
233.200 -0.139
233.250 -0.203
233.300 -0.268
233.350 -0.332
233.400 -0.396
233.450 -0.460
233.500 -0.523
233.550 -0.586
233.600 -0.649
233.650 -0.711
233.700 -0.774
233.750 -0.835
233.800 -0.896
233.850 -0.956
233.900 -1.016
233.950 -1.075
234.000 -1.133
234.050 -1.189
234.100 -1.246
234.150 -1.299
234.200 -1.353
234.250 -1.404
234.300 -1.456
234.350 -1.504
234.400 -1.553
234.450 -1.598
234.500 -1.644
234.550 -1.687
234.600 -1.731
234.650 -1.772
234.700 -1.813
234.750 -1.852
234.800 -1.892
234.850 -1.930
234.900 -1.969
234.950 -2.007
235.000 -2.045
235.050 -2.083
235.100 -2.122
235.150 -2.161
235.200 -2.201
235.250 -2.242
235.300 -2.284
235.350 -2.327
235.400 -2.370
235.450 -2.416
235.500 -2.462
235.550 -2.510
235.600 -2.558
235.650 -2.609
235.700 -2.659
235.750 -2.711
235.800 -2.763
235.850 -2.816
235.900 -2.868
235.950 -2.921
236.000 -2.974
236.050 -3.025
236.100 -3.076
236.150 -3.125
236.200 -3.173
236.250 -3.218
236.300 -3.263
236.350 -3.302
236.400 -3.342
236.450 -3.374
236.500 -3.407
236.550 -3.432
236.600 -3.457
236.650 -3.473
236.700 -3.490
236.750 -3.497
236.800 -3.504
236.850 -3.502
236.900 -3.499
236.950 -3.487
237.000 -3.475
237.050 -3.453
237.100 -3.432
237.150 -3.401
237.200 -3.370
237.250 -3.331
237.300 -3.293
237.350 -3.246
237.400 -3.200
237.450 -3.147
237.500 -3.094
237.550 -3.036
237.600 -2.978
237.650 -2.915
237.700 -2.852
237.750 -2.785
237.800 -2.719
237.850 -2.649
237.900 -2.579
237.950 -2.507
238.000 -2.434
238.050 -2.359
238.100 -2.284
238.150 -2.207
238.200 -2.129
238.250 -2.049
238.300 -1.969
238.350 -1.886
238.400 -1.803
238.450 -1.717
238.500 -1.631
238.550 -1.541
238.600 -1.451
238.650 -1.357
238.700 -1.264
238.750 -1.166
238.800 -1.068
238.850 -0.965
238.900 -0.863
238.950 -0.757
239.000 -0.651
239.050 -0.542
239.100 -0.432
239.150 -0.320
239.200 -0.208
239.250 -0.095
239.300 0.018
239.350 0.131
239.400 0.244
239.450 0.355
239.500 0.467
239.550 0.574
239.600 0.682
239.650 0.784
239.700 0.887
239.750 0.982
239.800 1.077
239.850 1.163
239.900 1.249
239.950 1.326
240.000 1.402
240.050 1.467
240.100 1.532
240.150 1.585
240.200 1.639
240.250 1.680
240.300 1.722
240.350 1.753
240.400 1.783
240.450 1.803
240.500 1.824
240.550 1.835
240.600 1.847
240.650 1.851
240.700 1.856
240.750 1.855
240.800 1.855
240.850 1.853
240.900 1.850
240.950 1.847
241.000 1.844
241.050 1.844
241.100 1.843
241.150 1.847
241.200 1.851
241.250 1.862
241.300 1.872
241.350 1.890
241.400 1.908
241.450 1.934
241.500 1.961
241.550 1.997
241.600 2.032
241.650 2.076
241.700 2.121
241.750 2.173
241.800 2.225
241.850 2.284
241.900 2.343
241.950 2.408
242.000 2.472
242.050 2.539
242.100 2.606
242.150 2.673
242.200 2.741
242.250 2.807
242.300 2.874
242.350 2.936
242.400 2.998
242.450 3.054
242.500 3.110
242.550 3.158
242.600 3.206
242.650 3.245
242.700 3.283
242.750 3.311
242.800 3.339
242.850 3.355
242.900 3.371
242.950 3.376
243.000 3.381
243.050 3.374
243.100 3.367
243.150 3.350
243.200 3.333
243.250 3.305
243.300 3.278
243.350 3.242
243.400 3.207
243.450 3.164
243.500 3.121
243.550 3.072
243.600 3.023
243.650 2.970
243.700 2.917
243.750 2.862
243.800 2.806
243.850 2.748
243.900 2.690
243.950 2.632
244.000 2.573
244.050 2.515
244.100 2.456
244.150 2.398
244.200 2.339
244.250 2.281
244.300 2.223
244.350 2.166
244.400 2.108
244.450 2.050
244.500 1.992
244.550 1.934
244.600 1.875
244.650 1.816
244.700 1.756
244.750 1.695
244.800 1.634
244.850 1.570
244.900 1.506
244.950 1.440
245.000 1.373
245.050 1.303
245.100 1.233
245.150 1.159
245.200 1.086
245.250 1.008
245.300 0.930
245.350 0.848
245.400 0.766
245.450 0.681
245.500 0.595
245.550 0.505
245.600 0.416
245.650 0.323
245.700 0.230
245.750 0.134
245.800 0.038
245.850 -0.060
245.900 -0.159
245.950 -0.260
246.000 -0.360
246.050 -0.462
246.100 -0.565
246.150 -0.668
246.200 -0.771
246.250 -0.875
246.300 -0.979
246.350 -1.083
246.400 -1.187
246.450 -1.290
246.500 -1.394
246.550 -1.496
246.600 -1.599
246.650 -1.699
246.700 -1.800
246.750 -1.898
246.800 -1.997
246.850 -2.092
246.900 -2.187
246.950 -2.279
247.000 -2.370
247.050 -2.457
247.100 -2.543
247.150 -2.624
247.200 -2.705
247.250 -2.779
247.300 -2.854
247.350 -2.920
247.400 -2.987
247.450 -3.044
247.500 -3.102
247.550 -3.150
247.600 -3.199
247.650 -3.236
247.700 -3.274
247.750 -3.300
247.800 -3.327
247.850 -3.342
247.900 -3.356
247.950 -3.359
248.000 -3.362
248.050 -3.352
248.100 -3.343
248.150 -3.322
248.200 -3.301
248.250 -3.269
248.300 -3.236
248.350 -3.193
248.400 -3.150
248.450 -3.098
248.500 -3.045
248.550 -2.985
248.600 -2.924
248.650 -2.857
248.700 -2.789
248.750 -2.717
248.800 -2.644
248.850 -2.568
248.900 -2.492
248.950 -2.413
249.000 -2.335
249.050 -2.257
249.100 -2.178
249.150 -2.100
249.200 -2.023
249.250 -1.947
249.300 -1.872
249.350 -1.800
249.400 -1.728
249.450 -1.661
249.500 -1.593
249.550 -1.530
249.600 -1.467
249.650 -1.409
249.700 -1.352
249.750 -1.299
249.800 -1.246
249.850 -1.199
249.900 -1.151
249.950 -1.109
250.000 -1.066
250.050 -1.028
250.100 -0.989
250.150 -0.955
250.200 -0.920
250.250 -0.888
250.300 -0.857
250.350 -0.827
250.400 -0.798
250.450 -0.771
250.500 -0.744
250.550 -0.717
250.600 -0.691
250.650 -0.666
250.700 -0.641
250.750 -0.616
250.800 -0.591
250.850 -0.566
250.900 -0.542
250.950 -0.517
251.000 -0.493
251.050 -0.468
251.100 -0.444
251.150 -0.420
251.200 -0.396
251.250 -0.373
251.300 -0.350
251.350 -0.327
251.400 -0.304
251.450 -0.283
251.500 -0.261
251.550 -0.241
251.600 -0.220
251.650 -0.202
251.700 -0.183
251.750 -0.165
251.800 -0.148
251.850 -0.132
251.900 -0.116
251.950 -0.102
252.000 -0.087
252.050 -0.074
252.100 -0.060
252.150 -0.047
252.200 -0.034
252.250 -0.021
252.300 -0.008
252.350 0.006
252.400 0.019
252.450 0.035
252.500 0.050
252.550 0.068
252.600 0.085
252.650 0.106
252.700 0.126
252.750 0.151
252.800 0.175
252.850 0.204
252.900 0.232
252.950 0.266
253.000 0.299
253.050 0.337
253.100 0.376
253.150 0.419
253.200 0.462
253.250 0.509
253.300 0.557
253.350 0.608
253.400 0.659
253.450 0.713
253.500 0.767
253.550 0.823
253.600 0.878
253.650 0.933
253.700 0.988
253.750 1.042
253.800 1.095
253.850 1.145
253.900 1.194
253.950 1.239
254.000 1.283
254.050 1.319
254.100 1.356
254.150 1.384
254.200 1.411
254.250 1.428
254.300 1.445
254.350 1.451
254.400 1.456
254.450 1.449
254.500 1.442
254.550 1.423
254.600 1.404
254.650 1.373
254.700 1.342
254.750 1.300
254.800 1.258
254.850 1.206
254.900 1.155
254.950 1.095
255.000 1.036
255.050 0.972
255.100 0.908
255.150 0.841
255.200 0.774
255.250 0.708
255.300 0.642
255.350 0.579
255.400 0.517
255.450 0.460
255.500 0.404
255.550 0.357
255.600 0.309
255.650 0.273
255.700 0.237
255.750 0.214
255.800 0.191
255.850 0.182
255.900 0.173
255.950 0.178
256.000 0.184
256.050 0.204
256.100 0.223
256.150 0.256
256.200 0.290
256.250 0.334
256.300 0.379
256.350 0.433
256.400 0.487
256.450 0.548
256.500 0.609
256.550 0.674
256.600 0.739
256.650 0.804
256.700 0.869
256.750 0.932
256.800 0.994
256.850 1.052
256.900 1.109
256.950 1.158
257.000 1.207
257.050 1.246
257.100 1.285
257.150 1.313
257.200 1.340
257.250 1.355
257.300 1.370
257.350 1.373
257.400 1.375
257.450 1.366
257.500 1.357
257.550 1.338
257.600 1.318
257.650 1.290
257.700 1.262
257.750 1.228
257.800 1.194
257.850 1.156
257.900 1.118
257.950 1.078
258.000 1.039
258.050 1.002
258.100 0.965
258.150 0.931
258.200 0.898
258.250 0.871
258.300 0.843
258.350 0.824
258.400 0.804
258.450 0.793
258.500 0.782
258.550 0.780
258.600 0.778
258.650 0.785
258.700 0.792
258.750 0.807
258.800 0.822
258.850 0.843
258.900 0.865
258.950 0.892
259.000 0.919
259.050 0.949
259.100 0.979
259.150 1.010
259.200 1.041
259.250 1.072
259.300 1.102
259.350 1.130
259.400 1.157
259.450 1.181
259.500 1.204
259.550 1.222
259.600 1.240
259.650 1.251
259.700 1.263
259.750 1.268
259.800 1.273
259.850 1.272
259.900 1.270
259.950 1.263
260.000 1.256
260.050 1.243
260.100 1.230
260.150 1.214
260.200 1.197
260.250 1.178
260.300 1.158
260.350 1.137
260.400 1.115
260.450 1.093
260.500 1.071
260.550 1.049
260.600 1.027
260.650 1.005
260.700 0.984
260.750 0.963
260.800 0.941
260.850 0.921
260.900 0.900
260.950 0.879
261.000 0.857
261.050 0.835
261.100 0.812
261.150 0.787
261.200 0.762
261.250 0.733
261.300 0.704
261.350 0.669
261.400 0.635
261.450 0.594
261.500 0.552
261.550 0.503
261.600 0.454
261.650 0.396
261.700 0.338
261.750 0.270
261.800 0.203
261.850 0.126
261.900 0.049
261.950 -0.036
262.000 -0.122
262.050 -0.216
262.100 -0.310
262.150 -0.410
262.200 -0.510
262.250 -0.616
262.300 -0.721
262.350 -0.830
262.400 -0.938
262.450 -1.048
262.500 -1.157
262.550 -1.265
262.600 -1.373
262.650 -1.478
262.700 -1.582
262.750 -1.682
262.800 -1.781
262.850 -1.873
262.900 -1.965
262.950 -2.048
263.000 -2.132
263.050 -2.206
263.100 -2.280
263.150 -2.344
263.200 -2.408
263.250 -2.462
263.300 -2.516
263.350 -2.560
263.400 -2.604
263.450 -2.639
263.500 -2.674
263.550 -2.701
263.600 -2.728
263.650 -2.747
263.700 -2.766
263.750 -2.779
263.800 -2.792
263.850 -2.800
263.900 -2.808
263.950 -2.811
264.000 -2.815
264.050 -2.815
264.100 -2.815
264.150 -2.812
264.200 -2.810
264.250 -2.804
264.300 -2.799
264.350 -2.791
264.400 -2.784
264.450 -2.773
264.500 -2.763
264.550 -2.749
264.600 -2.736
264.650 -2.719
264.700 -2.703
264.750 -2.682
264.800 -2.662
264.850 -2.637
264.900 -2.612
264.950 -2.582
265.000 -2.552
265.050 -2.517
265.100 -2.482
265.150 -2.442
265.200 -2.402
265.250 -2.356
265.300 -2.311
265.350 -2.260
265.400 -2.209
265.450 -2.154
265.500 -2.098
265.550 -2.039
265.600 -1.979
265.650 -1.916
265.700 -1.853
265.750 -1.788
265.800 -1.722
265.850 -1.654
265.900 -1.587
265.950 -1.519
266.000 -1.450
266.050 -1.381
266.100 -1.312
266.150 -1.244
266.200 -1.175
266.250 -1.108
266.300 -1.040
266.350 -0.974
266.400 -0.907
266.450 -0.842
266.500 -0.776
266.550 -0.712
266.600 -0.648
266.650 -0.586
266.700 -0.523
266.750 -0.462
266.800 -0.400
266.850 -0.340
266.900 -0.279
266.950 -0.220
267.000 -0.160
267.050 -0.101
267.100 -0.043
267.150 0.015
267.200 0.073
267.250 0.129
267.300 0.186
267.350 0.241
267.400 0.296
267.450 0.349
267.500 0.402
267.550 0.453
267.600 0.503
267.650 0.551
267.700 0.598
267.750 0.642
267.800 0.686
267.850 0.725
267.900 0.764
267.950 0.799
268.000 0.833
268.050 0.862
268.100 0.892
268.150 0.915
268.200 0.939
268.250 0.957
268.300 0.975
268.350 0.988
268.400 1.001
268.450 1.009
268.500 1.017
268.550 1.021
268.600 1.025
268.650 1.026
268.700 1.028
268.750 1.027
268.800 1.026
268.850 1.025
268.900 1.024
268.950 1.023
269.000 1.022
269.050 1.024
269.100 1.025
269.150 1.030
269.200 1.034
269.250 1.043
269.300 1.052
269.350 1.066
269.400 1.080
269.450 1.099
269.500 1.119
269.550 1.144
269.600 1.170
269.650 1.201
269.700 1.233
269.750 1.270
269.800 1.307
269.850 1.349
269.900 1.392
269.950 1.438
270.000 1.485
270.050 1.536
270.100 1.586
270.150 1.639
270.200 1.692
270.250 1.746
270.300 1.800
270.350 1.855
270.400 1.910
270.450 1.963
270.500 2.017
270.550 2.069
270.600 2.121
270.650 2.170
270.700 2.220
270.750 2.265
270.800 2.311
270.850 2.353
270.900 2.394
270.950 2.431
271.000 2.468
271.050 2.500
271.100 2.532
271.150 2.558
271.200 2.585
271.250 2.606
271.300 2.627
271.350 2.642
271.400 2.657
271.450 2.667
271.500 2.676
271.550 2.680
271.600 2.684
271.650 2.683
271.700 2.681
271.750 2.673
271.800 2.666
271.850 2.653
271.900 2.640
271.950 2.621
272.000 2.602
272.050 2.578
272.100 2.554
272.150 2.524
272.200 2.494
272.250 2.459
272.300 2.424
272.350 2.383
272.400 2.343
272.450 2.298
272.500 2.252
272.550 2.202
272.600 2.151
272.650 2.096
272.700 2.041
272.750 1.982
272.800 1.923
272.850 1.859
272.900 1.795
272.950 1.728
273.000 1.660
273.050 1.589
273.100 1.517
273.150 1.442
273.200 1.367
273.250 1.288
273.300 1.209
273.350 1.127
273.400 1.044
273.450 0.958
273.500 0.872
273.550 0.782
273.600 0.692
273.650 0.598
273.700 0.504
273.750 0.406
273.800 0.308
273.850 0.205
273.900 0.103
273.950 -0.003
274.000 -0.109
274.050 -0.220
274.100 -0.330
274.150 -0.444
274.200 -0.558
274.250 -0.675
274.300 -0.792
274.350 -0.911
274.400 -1.030
274.450 -1.151
274.500 -1.271
274.550 -1.392
274.600 -1.513
274.650 -1.632
274.700 -1.751
274.750 -1.867
274.800 -1.983
274.850 -2.094
274.900 -2.205
274.950 -2.310
275.000 -2.414
275.050 -2.511
275.100 -2.607
275.150 -2.692
275.200 -2.778
275.250 -2.852
275.300 -2.926
275.350 -2.987
275.400 -3.048
275.450 -3.095
275.500 -3.142
275.550 -3.175
275.600 -3.207
275.650 -3.224
275.700 -3.242
275.750 -3.244
275.800 -3.247
275.850 -3.235
275.900 -3.223
275.950 -3.198
276.000 -3.173
276.050 -3.136
276.100 -3.098
276.150 -3.050
276.200 -3.002
276.250 -2.945
276.300 -2.888
276.350 -2.823
276.400 -2.758
276.450 -2.688
276.500 -2.617
276.550 -2.542
276.600 -2.468
276.650 -2.390
276.700 -2.313
276.750 -2.234
276.800 -2.155
276.850 -2.075
276.900 -1.996
276.950 -1.917
277.000 -1.838
277.050 -1.760
277.100 -1.682
277.150 -1.606
277.200 -1.529
277.250 -1.454
277.300 -1.379
277.350 -1.305
277.400 -1.231
277.450 -1.158
277.500 -1.086
277.550 -1.014
277.600 -0.943
277.650 -0.872
277.700 -0.801
277.750 -0.731
277.800 -0.661
277.850 -0.592
277.900 -0.523
277.950 -0.454
278.000 -0.385
278.050 -0.317
278.100 -0.249
278.150 -0.182
278.200 -0.115
278.250 -0.050
278.300 0.016
278.350 0.080
278.400 0.144
278.450 0.206
278.500 0.267
278.550 0.326
278.600 0.386
278.650 0.442
278.700 0.498
278.750 0.551
278.800 0.603
278.850 0.653
278.900 0.702
278.950 0.747
279.000 0.792
279.050 0.833
279.100 0.874
279.150 0.911
279.200 0.948
279.250 0.981
279.300 1.014
279.350 1.043
279.400 1.071
279.450 1.096
279.500 1.120
279.550 1.141
279.600 1.161
279.650 1.177
279.700 1.193
279.750 1.204
279.800 1.215
279.850 1.221
279.900 1.228
279.950 1.229
280.000 1.229
280.050 1.224
280.100 1.219
280.150 1.208
280.200 1.196
280.250 1.178
280.300 1.159
280.350 1.133
280.400 1.106
280.450 1.072
280.500 1.037
280.550 0.994
280.600 0.952
280.650 0.900
280.700 0.849
280.750 0.789
280.800 0.729
280.850 0.662
280.900 0.594
280.950 0.520
281.000 0.445
281.050 0.365
281.100 0.284
281.150 0.199
281.200 0.115
281.250 0.027
281.300 -0.060
281.350 -0.148
281.400 -0.236
281.450 -0.323
281.500 -0.410
281.550 -0.493
281.600 -0.576
281.650 -0.653
281.700 -0.731
281.750 -0.801
281.800 -0.870
281.850 -0.931
281.900 -0.992
281.950 -1.041
282.000 -1.091
282.050 -1.129
282.100 -1.167
282.150 -1.193
282.200 -1.218
282.250 -1.231
282.300 -1.244
282.350 -1.244
282.400 -1.245
282.450 -1.233
282.500 -1.222
282.550 -1.199
282.600 -1.177
282.650 -1.145
282.700 -1.112
282.750 -1.072
282.800 -1.031
282.850 -0.983
282.900 -0.935
282.950 -0.882
283.000 -0.829
283.050 -0.771
283.100 -0.714
283.150 -0.653
283.200 -0.593
283.250 -0.530
283.300 -0.468
283.350 -0.404
283.400 -0.341
283.450 -0.277
283.500 -0.213
283.550 -0.148
283.600 -0.084
283.650 -0.020
283.700 0.045
283.750 0.109
283.800 0.174
283.850 0.238
283.900 0.303
283.950 0.368
284.000 0.433
284.050 0.499
284.100 0.564
284.150 0.630
284.200 0.697
284.250 0.763
284.300 0.830
284.350 0.896
284.400 0.963
284.450 1.029
284.500 1.095
284.550 1.160
284.600 1.226
284.650 1.289
284.700 1.352
284.750 1.412
284.800 1.472
284.850 1.528
284.900 1.584
284.950 1.635
285.000 1.685
285.050 1.729
285.100 1.773
285.150 1.810
285.200 1.846
285.250 1.874
285.300 1.901
285.350 1.920
285.400 1.939
285.450 1.947
285.500 1.956
285.550 1.955
285.600 1.954
285.650 1.942
285.700 1.931
285.750 1.911
285.800 1.890
285.850 1.860
285.900 1.831
285.950 1.793
286.000 1.755
286.050 1.711
286.100 1.666
286.150 1.615
286.200 1.564
286.250 1.508
286.300 1.452
286.350 1.393
286.400 1.333
286.450 1.271
286.500 1.208
286.550 1.144
286.600 1.080
286.650 1.014
286.700 0.949
286.750 0.883
286.800 0.817
286.850 0.752
286.900 0.686
286.950 0.621
287.000 0.555
287.050 0.490
287.100 0.426
287.150 0.362
287.200 0.298
287.250 0.235
287.300 0.172
287.350 0.110
287.400 0.048
287.450 -0.013
287.500 -0.074
287.550 -0.133
287.600 -0.192
287.650 -0.250
287.700 -0.307
287.750 -0.362
287.800 -0.417
287.850 -0.470
287.900 -0.522
287.950 -0.570
288.000 -0.619
288.050 -0.663
288.100 -0.708
288.150 -0.747
288.200 -0.787
288.250 -0.820
288.300 -0.854
288.350 -0.881
288.400 -0.909
288.450 -0.929
288.500 -0.950
288.550 -0.963
288.600 -0.977
288.650 -0.983
288.700 -0.989
288.750 -0.988
288.800 -0.987
288.850 -0.979
288.900 -0.971
288.950 -0.957
289.000 -0.943
289.050 -0.923
289.100 -0.904
289.150 -0.880
289.200 -0.856
289.250 -0.830
289.300 -0.803
289.350 -0.774
289.400 -0.745
289.450 -0.716
289.500 -0.686
289.550 -0.658
289.600 -0.629
289.650 -0.603
289.700 -0.576
289.750 -0.552
289.800 -0.528
289.850 -0.508
289.900 -0.488
289.950 -0.472
290.000 -0.456
290.050 -0.444
290.100 -0.433
290.150 -0.426
290.200 -0.419
290.250 -0.416
290.300 -0.414
290.350 -0.415
290.400 -0.416
290.450 -0.420
290.500 -0.424
290.550 -0.430
290.600 -0.436
290.650 -0.443
290.700 -0.451
290.750 -0.458
290.800 -0.465
290.850 -0.471
290.900 -0.478
290.950 -0.482
291.000 -0.486
291.050 -0.488
291.100 -0.489
291.150 -0.487
291.200 -0.485
291.250 -0.480
291.300 -0.474
291.350 -0.465
291.400 -0.455
291.450 -0.442
291.500 -0.429
291.550 -0.412
291.600 -0.395
291.650 -0.376
291.700 -0.356
291.750 -0.335
291.800 -0.313
291.850 -0.291
291.900 -0.268
291.950 -0.245
292.000 -0.223
292.050 -0.201
292.100 -0.180
292.150 -0.160
292.200 -0.141
292.250 -0.125
292.300 -0.109
292.350 -0.097
292.400 -0.085
292.450 -0.078
292.500 -0.071
292.550 -0.069
292.600 -0.067
292.650 -0.071
292.700 -0.075
292.750 -0.084
292.800 -0.093
292.850 -0.107
292.900 -0.122
292.950 -0.140
293.000 -0.159
293.050 -0.181
293.100 -0.203
293.150 -0.228
293.200 -0.252
293.250 -0.277
293.300 -0.303
293.350 -0.328
293.400 -0.352
293.450 -0.375
293.500 -0.398
293.550 -0.416
293.600 -0.435
293.650 -0.449
293.700 -0.462
293.750 -0.469
293.800 -0.476
293.850 -0.474
293.900 -0.473
293.950 -0.462
294.000 -0.452
294.050 -0.432
294.100 -0.411
294.150 -0.381
294.200 -0.350
294.250 -0.309
294.300 -0.268
294.350 -0.218
294.400 -0.167
294.450 -0.106
294.500 -0.046
294.550 0.022
294.600 0.091
294.650 0.167
294.700 0.242
294.750 0.323
294.800 0.404
294.850 0.488
294.900 0.572
294.950 0.658
295.000 0.744
295.050 0.829
295.100 0.913
295.150 0.995
295.200 1.077
295.250 1.153
295.300 1.230
295.350 1.298
295.400 1.367
295.450 1.426
295.500 1.485
295.550 1.533
295.600 1.581
295.650 1.615
295.700 1.650
295.750 1.670
295.800 1.690
295.850 1.694
295.900 1.698
295.950 1.686
296.000 1.674
296.050 1.645
296.100 1.616
296.150 1.571
296.200 1.525
296.250 1.463
296.300 1.400
296.350 1.322
296.400 1.244
296.450 1.151
296.500 1.057
296.550 0.950
296.600 0.844
296.650 0.725
296.700 0.606
296.750 0.477
296.800 0.348
296.850 0.211
296.900 0.074
296.950 -0.068
297.000 -0.211
297.050 -0.356
297.100 -0.501
297.150 -0.647
297.200 -0.793
297.250 -0.936
297.300 -1.079
297.350 -1.217
297.400 -1.355
297.450 -1.485
297.500 -1.615
297.550 -1.735
297.600 -1.854
297.650 -1.960
297.700 -2.067
297.750 -2.158
297.800 -2.249
297.850 -2.323
297.900 -2.397
297.950 -2.452
298.000 -2.508
298.050 -2.543
298.100 -2.579
298.150 -2.595
298.200 -2.610
298.250 -2.606
298.300 -2.601
298.350 -2.577
298.400 -2.553
298.450 -2.510
298.500 -2.467
298.550 -2.406
298.600 -2.346
298.650 -2.270
298.700 -2.195
298.750 -2.106
298.800 -2.017
298.850 -1.918
298.900 -1.819
298.950 -1.712
299.000 -1.605
299.050 -1.493
299.100 -1.381
299.150 -1.267
299.200 -1.153
299.250 -1.040
299.300 -0.926
299.350 -0.816
299.400 -0.705
299.450 -0.600
299.500 -0.494
299.550 -0.395
299.600 -0.296
299.650 -0.205
299.700 -0.114
299.750 -0.031
299.800 0.051
299.850 0.125
299.900 0.199
299.950 0.264
300.000 0.329
300.050 0.387
300.100 0.444
300.150 0.494
300.200 0.545
300.250 0.590
300.300 0.635
300.350 0.676
300.400 0.716
300.450 0.755
300.500 0.793
300.550 0.830
300.600 0.867
300.650 0.904
300.700 0.942
300.750 0.980
300.800 1.019
300.850 1.060
300.900 1.101
300.950 1.144
301.000 1.188
301.050 1.234
301.100 1.281
301.150 1.330
301.200 1.379
301.250 1.431
301.300 1.482
301.350 1.535
301.400 1.588
301.450 1.641
301.500 1.695
301.550 1.747
301.600 1.799
301.650 1.849
301.700 1.899
301.750 1.945
301.800 1.991
301.850 2.033
301.900 2.074
301.950 2.108
302.000 2.143
302.050 2.170
302.100 2.197
302.150 2.216
302.200 2.235
302.250 2.244
302.300 2.254
302.350 2.254
302.400 2.253
302.450 2.243
302.500 2.233
302.550 2.213
302.600 2.192
302.650 2.162
302.700 2.132
302.750 2.092
302.800 2.052
302.850 2.004
302.900 1.955
302.950 1.897
303.000 1.839
303.050 1.774
303.100 1.708
303.150 1.635
303.200 1.562
303.250 1.482
303.300 1.402
303.350 1.317
303.400 1.231
303.450 1.140
303.500 1.049
303.550 0.954
303.600 0.859
303.650 0.760
303.700 0.662
303.750 0.560
303.800 0.459
303.850 0.357
303.900 0.254
303.950 0.151
304.000 0.048
304.050 -0.055
304.100 -0.158
304.150 -0.258
304.200 -0.359
304.250 -0.456
304.300 -0.554
304.350 -0.647
304.400 -0.741
304.450 -0.829
304.500 -0.917
304.550 -0.998
304.600 -1.079
304.650 -1.153
304.700 -1.227
304.750 -1.292
304.800 -1.358
304.850 -1.414
304.900 -1.470
304.950 -1.517
305.000 -1.564
305.050 -1.600
305.100 -1.637
305.150 -1.665
305.200 -1.692
305.250 -1.710
305.300 -1.727
305.350 -1.736
305.400 -1.745
305.450 -1.745
305.500 -1.746
305.550 -1.738
305.600 -1.731
305.650 -1.717
305.700 -1.703
305.750 -1.684
305.800 -1.664
305.850 -1.639
305.900 -1.614
305.950 -1.585
306.000 -1.556
306.050 -1.524
306.100 -1.491
306.150 -1.456
306.200 -1.420
306.250 -1.382
306.300 -1.344
306.350 -1.303
306.400 -1.262
306.450 -1.219
306.500 -1.175
306.550 -1.129
306.600 -1.083
306.650 -1.034
306.700 -0.985
306.750 -0.932
306.800 -0.880
306.850 -0.824
306.900 -0.769
306.950 -0.710
307.000 -0.650
307.050 -0.588
307.100 -0.525
307.150 -0.459
307.200 -0.392
307.250 -0.323
307.300 -0.254
307.350 -0.182
307.400 -0.110
307.450 -0.037
307.500 0.036
307.550 0.111
307.600 0.185
307.650 0.258
307.700 0.332
307.750 0.404
307.800 0.475
307.850 0.544
307.900 0.613
307.950 0.677
308.000 0.741
308.050 0.800
308.100 0.859
308.150 0.910
308.200 0.962
308.250 1.006
308.300 1.050
308.350 1.086
308.400 1.122
308.450 1.149
308.500 1.176
308.550 1.194
308.600 1.212
308.650 1.221
308.700 1.230
308.750 1.231
308.800 1.232
308.850 1.225
308.900 1.218
308.950 1.204
309.000 1.190
309.050 1.170
309.100 1.150
309.150 1.124
309.200 1.099
309.250 1.069
309.300 1.039
309.350 1.006
309.400 0.972
309.450 0.936
309.500 0.900
309.550 0.862
309.600 0.823
309.650 0.783
309.700 0.743
309.750 0.701
309.800 0.660
309.850 0.617
309.900 0.574
309.950 0.531
310.000 0.487
310.050 0.442
310.100 0.397
310.150 0.352
310.200 0.306
310.250 0.260
310.300 0.213
310.350 0.166
310.400 0.119
310.450 0.072
310.500 0.024
310.550 -0.023
310.600 -0.070
310.650 -0.117
310.700 -0.164
310.750 -0.210
310.800 -0.255
310.850 -0.299
310.900 -0.343
310.950 -0.384
311.000 -0.426
311.050 -0.464
311.100 -0.502
311.150 -0.536
311.200 -0.570
311.250 -0.600
311.300 -0.629
311.350 -0.654
311.400 -0.679
311.450 -0.699
311.500 -0.719
311.550 -0.733
311.600 -0.748
311.650 -0.759
311.700 -0.769
311.750 -0.775
311.800 -0.781
311.850 -0.784
311.900 -0.787
311.950 -0.788
312.000 -0.789
312.050 -0.788
312.100 -0.787
312.150 -0.787
312.200 -0.786
312.250 -0.787
312.300 -0.787
312.350 -0.790
312.400 -0.792
312.450 -0.798
312.500 -0.803
312.550 -0.813
312.600 -0.822
312.650 -0.835
312.700 -0.849
312.750 -0.867
312.800 -0.884
312.850 -0.906
312.900 -0.928
312.950 -0.954
313.000 -0.979
313.050 -1.007
313.100 -1.036
313.150 -1.066
313.200 -1.096
313.250 -1.127
313.300 -1.158
313.350 -1.188
313.400 -1.218
313.450 -1.247
313.500 -1.275
313.550 -1.300
313.600 -1.326
313.650 -1.347
313.700 -1.368
313.750 -1.383
313.800 -1.399
313.850 -1.409
313.900 -1.418
313.950 -1.421
314.000 -1.424
314.050 -1.421
314.100 -1.417
314.150 -1.406
314.200 -1.395
314.250 -1.377
314.300 -1.359
314.350 -1.335
314.400 -1.311
314.450 -1.280
314.500 -1.250
314.550 -1.214
314.600 -1.178
314.650 -1.137
314.700 -1.096
314.750 -1.051
314.800 -1.006
314.850 -0.957
314.900 -0.907
314.950 -0.855
315.000 -0.802
315.050 -0.747
315.100 -0.691
315.150 -0.632
315.200 -0.574
315.250 -0.513
315.300 -0.452
315.350 -0.388
315.400 -0.325
315.450 -0.259
315.500 -0.193
315.550 -0.124
315.600 -0.056
315.650 0.015
315.700 0.085
315.750 0.158
315.800 0.231
315.850 0.305
315.900 0.380
315.950 0.456
316.000 0.531
316.050 0.608
316.100 0.685
316.150 0.763
316.200 0.840
316.250 0.917
316.300 0.994
316.350 1.071
316.400 1.147
316.450 1.221
316.500 1.296
316.550 1.368
316.600 1.440
316.650 1.509
316.700 1.577
316.750 1.642
316.800 1.707
316.850 1.768
316.900 1.828
316.950 1.884
317.000 1.939
317.050 1.989
317.100 2.040
317.150 2.084
317.200 2.129
317.250 2.168
317.300 2.207
317.350 2.240
317.400 2.273
317.450 2.301
317.500 2.329
317.550 2.350
317.600 2.372
317.650 2.389
317.700 2.405
317.750 2.415
317.800 2.426
317.850 2.431
317.900 2.436
317.950 2.434
318.000 2.433
318.050 2.426
318.100 2.419
318.150 2.406
318.200 2.392
318.250 2.372
318.300 2.352
318.350 2.325
318.400 2.299
318.450 2.265
318.500 2.231
318.550 2.189
318.600 2.148
318.650 2.100
318.700 2.052
318.750 1.996
318.800 1.941
318.850 1.879
318.900 1.817
318.950 1.749
319.000 1.681
319.050 1.608
319.100 1.535
319.150 1.458
319.200 1.381
319.250 1.302
319.300 1.222
319.350 1.141
319.400 1.060
319.450 0.980
319.500 0.899
319.550 0.820
319.600 0.740
319.650 0.664
319.700 0.588
319.750 0.516
319.800 0.443
319.850 0.376
319.900 0.309
319.950 0.247
320.000 0.185
320.050 0.129
320.100 0.073
320.150 0.022
320.200 -0.028
320.250 -0.074
320.300 -0.120
320.350 -0.161
320.400 -0.203
320.450 -0.241
320.500 -0.280
320.550 -0.317
320.600 -0.353
320.650 -0.390
320.700 -0.427
320.750 -0.465
320.800 -0.503
320.850 -0.544
320.900 -0.585
320.950 -0.630
321.000 -0.675
321.050 -0.725
321.100 -0.775
321.150 -0.830
321.200 -0.885
321.250 -0.946
321.300 -1.006
321.350 -1.072
321.400 -1.138
321.450 -1.208
321.500 -1.279
321.550 -1.352
321.600 -1.426
321.650 -1.502
321.700 -1.577
321.750 -1.653
321.800 -1.729
321.850 -1.803
321.900 -1.877
321.950 -1.948
322.000 -2.019
322.050 -2.085
322.100 -2.151
322.150 -2.210
322.200 -2.269
322.250 -2.321
322.300 -2.372
322.350 -2.415
322.400 -2.458
322.450 -2.491
322.500 -2.525
322.550 -2.549
322.600 -2.574
322.650 -2.589
322.700 -2.604
322.750 -2.611
322.800 -2.618
322.850 -2.618
322.900 -2.618
322.950 -2.611
323.000 -2.604
323.050 -2.592
323.100 -2.580
323.150 -2.564
323.200 -2.548
323.250 -2.529
323.300 -2.510
323.350 -2.488
323.400 -2.467
323.450 -2.444
323.500 -2.420
323.550 -2.396
323.600 -2.371
323.650 -2.344
323.700 -2.318
323.750 -2.289
323.800 -2.261
323.850 -2.230
323.900 -2.198
323.950 -2.163
324.000 -2.128
324.050 -2.089
324.100 -2.049
324.150 -2.004
324.200 -1.959
324.250 -1.908
324.300 -1.856
324.350 -1.798
324.400 -1.740
324.450 -1.674
324.500 -1.608
324.550 -1.535
324.600 -1.463
324.650 -1.383
324.700 -1.303
324.750 -1.217
324.800 -1.132
324.850 -1.041
324.900 -0.951
324.950 -0.857
325.000 -0.763
325.050 -0.669
325.100 -0.574
325.150 -0.480
325.200 -0.386
325.250 -0.294
325.300 -0.203
325.350 -0.116
325.400 -0.030
325.450 0.050
325.500 0.130
325.550 0.202
325.600 0.275
325.650 0.338
325.700 0.401
325.750 0.455
325.800 0.509
325.850 0.553
325.900 0.597
325.950 0.633
326.000 0.668
326.050 0.696
326.100 0.724
326.150 0.745
326.200 0.767
326.250 0.784
326.300 0.801
326.350 0.817
326.400 0.832
326.450 0.847
326.500 0.863
326.550 0.881
326.600 0.898
326.650 0.921
326.700 0.944
326.750 0.973
326.800 1.002
326.850 1.040
326.900 1.077
326.950 1.124
327.000 1.170
327.050 1.227
327.100 1.283
327.150 1.350
327.200 1.416
327.250 1.491
327.300 1.567
327.350 1.651
327.400 1.735
327.450 1.825
327.500 1.916
327.550 2.012
327.600 2.107
327.650 2.206
327.700 2.304
327.750 2.403
327.800 2.502
327.850 2.599
327.900 2.696
327.950 2.789
328.000 2.882
328.050 2.969
328.100 3.056
328.150 3.135
328.200 3.214
328.250 3.283
328.300 3.352
328.350 3.410
328.400 3.469
328.450 3.515
328.500 3.562
328.550 3.596
328.600 3.631
328.650 3.653
328.700 3.676
328.750 3.686
328.800 3.696
328.850 3.695
328.900 3.694
328.950 3.682
329.000 3.670
329.050 3.648
329.100 3.626
329.150 3.596
329.200 3.565
329.250 3.527
329.300 3.489
329.350 3.444
329.400 3.400
329.450 3.349
329.500 3.299
329.550 3.244
329.600 3.189
329.650 3.131
329.700 3.072
329.750 3.010
329.800 2.949
329.850 2.884
329.900 2.820
329.950 2.754
330.000 2.688
330.050 2.620
330.100 2.551
330.150 2.481
330.200 2.411
330.250 2.339
330.300 2.267
330.350 2.193
330.400 2.118
330.450 2.042
330.500 1.965
330.550 1.884
330.600 1.804
330.650 1.720
330.700 1.637
330.750 1.548
330.800 1.460
330.850 1.366
330.900 1.273
330.950 1.173
331.000 1.074
331.050 0.968
331.100 0.862
331.150 0.749
331.200 0.636
331.250 0.515
331.300 0.395
331.350 0.266
331.400 0.137
331.450 0.001
331.500 -0.136
331.550 -0.280
331.600 -0.425
331.650 -0.577
331.700 -0.729
331.750 -0.888
331.800 -1.047
331.850 -1.211
331.900 -1.376
331.950 -1.545
332.000 -1.715
332.050 -1.887
332.100 -2.059
332.150 -2.233
332.200 -2.406
332.250 -2.579
332.300 -2.752
332.350 -2.922
332.400 -3.092
332.450 -3.257
332.500 -3.423
332.550 -3.581
332.600 -3.740
332.650 -3.889
332.700 -4.039
332.750 -4.178
332.800 -4.317
332.850 -4.444
332.900 -4.571
332.950 -4.685
333.000 -4.799
333.050 -4.898
333.100 -4.997
333.150 -5.082
333.200 -5.167
333.250 -5.236
333.300 -5.306
333.350 -5.360
333.400 -5.415
333.450 -5.455
333.500 -5.496
333.550 -5.522
333.600 -5.548
333.650 -5.562
333.700 -5.575
333.750 -5.576
333.800 -5.577
333.850 -5.567
333.900 -5.556
333.950 -5.536
334.000 -5.515
334.050 -5.484
334.100 -5.454
334.150 -5.414
334.200 -5.374
334.250 -5.325
334.300 -5.276
334.350 -5.218
334.400 -5.160
334.450 -5.093
334.500 -5.026
334.550 -4.950
334.600 -4.874
334.650 -4.788
334.700 -4.702
334.750 -4.606
334.800 -4.510
334.850 -4.403
334.900 -4.297
334.950 -4.179
335.000 -4.061
335.050 -3.932
335.100 -3.803
335.150 -3.663
335.200 -3.523
335.250 -3.371
335.300 -3.220
335.350 -3.058
335.400 -2.897
335.450 -2.725
335.500 -2.554
335.550 -2.375
335.600 -2.195
335.650 -2.009
335.700 -1.823
335.750 -1.633
335.800 -1.442
335.850 -1.248
335.900 -1.054
335.950 -0.860
336.000 -0.666
336.050 -0.473
336.100 -0.281
336.150 -0.092
336.200 0.097
336.250 0.280
336.300 0.464
336.350 0.640
336.400 0.815
336.450 0.982
336.500 1.149
336.550 1.306
336.600 1.463
336.650 1.609
336.700 1.755
336.750 1.890
336.800 2.025
336.850 2.148
336.900 2.272
336.950 2.384
337.000 2.496
337.050 2.598
337.100 2.700
337.150 2.791
337.200 2.883
337.250 2.965
337.300 3.048
337.350 3.122
337.400 3.196
337.450 3.263
337.500 3.329
337.550 3.389
337.600 3.449
337.650 3.503
337.700 3.556
337.750 3.604
337.800 3.652
337.850 3.695
337.900 3.737
337.950 3.774
338.000 3.812
338.050 3.844
338.100 3.876
338.150 3.902
338.200 3.929
338.250 3.950
338.300 3.971
338.350 3.987
338.400 4.002
338.450 4.012
338.500 4.021
338.550 4.025
338.600 4.028
338.650 4.026
338.700 4.023
338.750 4.014
338.800 4.006
338.850 3.991
338.900 3.977
338.950 3.957
339.000 3.937
339.050 3.912
339.100 3.887
339.150 3.858
339.200 3.829
339.250 3.796
339.300 3.763
339.350 3.727
339.400 3.691
339.450 3.652
339.500 3.613
339.550 3.572
339.600 3.531
339.650 3.489
339.700 3.447
339.750 3.403
339.800 3.359
339.850 3.314
339.900 3.269
339.950 3.223
340.000 3.177
340.050 3.129
340.100 3.082
340.150 3.032
340.200 2.983
340.250 2.932
340.300 2.881
340.350 2.828
340.400 2.775
340.450 2.719
340.500 2.664
340.550 2.605
340.600 2.547
340.650 2.486
340.700 2.425
340.750 2.361
340.800 2.297
340.850 2.230
340.900 2.164
340.950 2.095
341.000 2.026
341.050 1.956
341.100 1.885
341.150 1.814
341.200 1.742
341.250 1.670
341.300 1.599
341.350 1.527
341.400 1.456
341.450 1.386
341.500 1.316
341.550 1.248
341.600 1.180
341.650 1.115
341.700 1.049
341.750 0.986
341.800 0.924
341.850 0.864
341.900 0.805
341.950 0.748
342.000 0.691
342.050 0.637
342.100 0.583
342.150 0.530
342.200 0.478
342.250 0.426
342.300 0.375
342.350 0.323
342.400 0.271
342.450 0.218
342.500 0.165
342.550 0.109
342.600 0.053
342.650 -0.007
342.700 -0.067
342.750 -0.131
342.800 -0.196
342.850 -0.266
342.900 -0.337
342.950 -0.414
343.000 -0.490
343.050 -0.574
343.100 -0.657
343.150 -0.747
343.200 -0.837
343.250 -0.933
343.300 -1.029
343.350 -1.130
343.400 -1.231
343.450 -1.336
343.500 -1.441
343.550 -1.548
343.600 -1.656
343.650 -1.764
343.700 -1.872
343.750 -1.980
343.800 -2.087
343.850 -2.191
343.900 -2.296
343.950 -2.396
344.000 -2.496
344.050 -2.590
344.100 -2.684
344.150 -2.770
344.200 -2.857
344.250 -2.935
344.300 -3.013
344.350 -3.081
344.400 -3.150
344.450 -3.209
344.500 -3.269
344.550 -3.318
344.600 -3.368
344.650 -3.409
344.700 -3.449
344.750 -3.482
344.800 -3.514
344.850 -3.538
344.900 -3.563
344.950 -3.581
345.000 -3.599
345.050 -3.612
345.100 -3.624
345.150 -3.633
345.200 -3.641
345.250 -3.646
345.300 -3.651
345.350 -3.653
345.400 -3.656
345.450 -3.656
345.500 -3.657
345.550 -3.656
345.600 -3.655
345.650 -3.653
345.700 -3.651
345.750 -3.647
345.800 -3.643
345.850 -3.638
345.900 -3.632
345.950 -3.624
346.000 -3.616
346.050 -3.605
346.100 -3.594
346.150 -3.578
346.200 -3.563
346.250 -3.543
346.300 -3.523
346.350 -3.498
346.400 -3.472
346.450 -3.440
346.500 -3.408
346.550 -3.370
346.600 -3.331
346.650 -3.286
346.700 -3.240
346.750 -3.187
346.800 -3.135
346.850 -3.075
346.900 -3.016
346.950 -2.950
347.000 -2.884
347.050 -2.812
347.100 -2.741
347.150 -2.664
347.200 -2.587
347.250 -2.506
347.300 -2.425
347.350 -2.340
347.400 -2.256
347.450 -2.169
347.500 -2.081
347.550 -1.992
347.600 -1.903
347.650 -1.813
347.700 -1.723
347.750 -1.632
347.800 -1.541
347.850 -1.449
347.900 -1.358
347.950 -1.265
348.000 -1.173
348.050 -1.080
348.100 -0.987
348.150 -0.894
348.200 -0.800
348.250 -0.704
348.300 -0.609
348.350 -0.511
348.400 -0.414
348.450 -0.313
348.500 -0.213
348.550 -0.110
348.600 -0.007
348.650 0.100
348.700 0.207
348.750 0.317
348.800 0.428
348.850 0.542
348.900 0.656
348.950 0.774
349.000 0.891
349.050 1.012
349.100 1.132
349.150 1.255
349.200 1.378
349.250 1.501
349.300 1.625
349.350 1.749
349.400 1.872
349.450 1.994
349.500 2.116
349.550 2.234
349.600 2.353
349.650 2.467
349.700 2.581
349.750 2.688
349.800 2.796
349.850 2.895
349.900 2.995
349.950 3.085
350.000 3.175
350.050 3.255
350.100 3.335
350.150 3.404
350.200 3.472
350.250 3.529
350.300 3.586
350.350 3.631
350.400 3.676
350.450 3.709
350.500 3.742
350.550 3.763
350.600 3.784
350.650 3.794
350.700 3.805
350.750 3.804
350.800 3.804
350.850 3.795
350.900 3.785
350.950 3.768
351.000 3.750
351.050 3.725
351.100 3.700
351.150 3.669
351.200 3.638
351.250 3.602
351.300 3.566
351.350 3.526
351.400 3.485
351.450 3.442
351.500 3.399
351.550 3.353
351.600 3.307
351.650 3.259
351.700 3.211
351.750 3.161
351.800 3.112
351.850 3.061
351.900 3.011
351.950 2.959
352.000 2.908
352.050 2.855
352.100 2.803
352.150 2.751
352.200 2.698
352.250 2.645
352.300 2.591
352.350 2.538
352.400 2.484
352.450 2.431
352.500 2.377
352.550 2.324
352.600 2.270
352.650 2.217
352.700 2.164
352.750 2.111
352.800 2.058
352.850 2.006
352.900 1.953
352.950 1.902
353.000 1.850
353.050 1.799
353.100 1.749
353.150 1.699
353.200 1.648
353.250 1.599
353.300 1.549
353.350 1.500
353.400 1.451
353.450 1.401
353.500 1.351
353.550 1.300
353.600 1.250
353.650 1.197
353.700 1.144
353.750 1.089
353.800 1.034
353.850 0.975
353.900 0.916
353.950 0.853
354.000 0.789
354.050 0.720
354.100 0.651
354.150 0.576
354.200 0.500
354.250 0.417
354.300 0.335
354.350 0.245
354.400 0.154
354.450 0.057
354.500 -0.041
354.550 -0.147
354.600 -0.252
354.650 -0.364
354.700 -0.477
354.750 -0.595
354.800 -0.714
354.850 -0.838
354.900 -0.961
354.950 -1.089
355.000 -1.216
355.050 -1.345
355.100 -1.474
355.150 -1.603
355.200 -1.733
355.250 -1.860
355.300 -1.987
355.350 -2.111
355.400 -2.234
355.450 -2.352
355.500 -2.470
355.550 -2.580
355.600 -2.691
355.650 -2.792
355.700 -2.894
355.750 -2.986
355.800 -3.078
355.850 -3.159
355.900 -3.240
355.950 -3.311
356.000 -3.381
356.050 -3.440
356.100 -3.499
356.150 -3.548
356.200 -3.597
356.250 -3.635
356.300 -3.674
356.350 -3.703
356.400 -3.732
356.450 -3.753
356.500 -3.774
356.550 -3.788
356.600 -3.802
356.650 -3.809
356.700 -3.817
356.750 -3.818
356.800 -3.820
356.850 -3.817
356.900 -3.815
356.950 -3.807
357.000 -3.800
357.050 -3.788
357.100 -3.776
357.150 -3.759
357.200 -3.743
357.250 -3.721
357.300 -3.699
357.350 -3.671
357.400 -3.644
357.450 -3.609
357.500 -3.574
357.550 -3.531
357.600 -3.488
357.650 -3.436
357.700 -3.384
357.750 -3.321
357.800 -3.259
357.850 -3.185
357.900 -3.112
357.950 -3.027
358.000 -2.942
358.050 -2.845
358.100 -2.748
358.150 -2.640
358.200 -2.532
358.250 -2.413
358.300 -2.294
358.350 -2.166
358.400 -2.037
358.450 -1.901
358.500 -1.765
358.550 -1.623
358.600 -1.481
358.650 -1.336
358.700 -1.191
358.750 -1.045
358.800 -0.899
358.850 -0.755
358.900 -0.611
358.950 -0.471
359.000 -0.331
359.050 -0.199
359.100 -0.066
359.150 0.058
359.200 0.182
359.250 0.295
359.300 0.408
359.350 0.509
359.400 0.611
359.450 0.700
359.500 0.789
359.550 0.865
359.600 0.942
359.650 1.007
359.700 1.072
359.750 1.126
359.800 1.180
359.850 1.225
359.900 1.270
359.950 1.307
360.000 1.345
360.050 1.378
360.100 1.410
360.150 1.440
360.200 1.469
360.250 1.498
360.300 1.527
360.350 1.557
360.400 1.587
360.450 1.620
360.500 1.653
360.550 1.690
360.600 1.727
360.650 1.770
360.700 1.812
360.750 1.859
360.800 1.907
360.850 1.959
360.900 2.012
360.950 2.069
361.000 2.126
361.050 2.186
361.100 2.247
361.150 2.309
361.200 2.371
361.250 2.434
361.300 2.496
361.350 2.557
361.400 2.618
361.450 2.675
361.500 2.733
361.550 2.785
361.600 2.837
361.650 2.882
361.700 2.928
361.750 2.966
361.800 3.003
361.850 3.032
361.900 3.061
361.950 3.080
362.000 3.100
362.050 3.110
362.100 3.120
362.150 3.122
362.200 3.123
362.250 3.115
362.300 3.108
362.350 3.093
362.400 3.078
362.450 3.057
362.500 3.035
362.550 3.008
362.600 2.981
362.650 2.950
362.700 2.918
362.750 2.883
362.800 2.848
362.850 2.811
362.900 2.773
362.950 2.733
363.000 2.693
363.050 2.651
363.100 2.609
363.150 2.565
363.200 2.522
363.250 2.475
363.300 2.429
363.350 2.380
363.400 2.331
363.450 2.279
363.500 2.226
363.550 2.170
363.600 2.113
363.650 2.051
363.700 1.989
363.750 1.921
363.800 1.853
363.850 1.778
363.900 1.703
363.950 1.622
364.000 1.540
364.050 1.451
364.100 1.362
364.150 1.266
364.200 1.170
364.250 1.067
364.300 0.965
364.350 0.856
364.400 0.748
364.450 0.635
364.500 0.522
364.550 0.405
364.600 0.288
364.650 0.170
364.700 0.051
364.750 -0.068
364.800 -0.186
364.850 -0.304
364.900 -0.421
364.950 -0.536
365.000 -0.650
365.050 -0.760
365.100 -0.870
365.150 -0.975
365.200 -1.079
365.250 -1.177
365.300 -1.275
365.350 -1.365
365.400 -1.455
365.450 -1.537
365.500 -1.620
365.550 -1.694
365.600 -1.768
365.650 -1.834
365.700 -1.901
365.750 -1.959
365.800 -2.017
365.850 -2.068
365.900 -2.120
365.950 -2.164
366.000 -2.208
366.050 -2.246
366.100 -2.284
366.150 -2.317
366.200 -2.349
366.250 -2.376
366.300 -2.403
366.350 -2.426
366.400 -2.449
366.450 -2.467
366.500 -2.485
366.550 -2.499
366.600 -2.513
366.650 -2.522
366.700 -2.532
366.750 -2.537
366.800 -2.543
366.850 -2.544
366.900 -2.544
366.950 -2.541
367.000 -2.537
367.050 -2.529
367.100 -2.520
367.150 -2.507
367.200 -2.494
367.250 -2.476
367.300 -2.458
367.350 -2.435
367.400 -2.412
367.450 -2.385
367.500 -2.358
367.550 -2.326
367.600 -2.295
367.650 -2.260
367.700 -2.225
367.750 -2.187
367.800 -2.149
367.850 -2.109
367.900 -2.069
367.950 -2.028
368.000 -1.986
368.050 -1.944
368.100 -1.901
368.150 -1.859
368.200 -1.816
368.250 -1.774
368.300 -1.731
368.350 -1.690
368.400 -1.648
368.450 -1.607
368.500 -1.565
368.550 -1.525
368.600 -1.484
368.650 -1.443
368.700 -1.403
368.750 -1.361
368.800 -1.320
368.850 -1.277
368.900 -1.234
368.950 -1.189
369.000 -1.144
369.050 -1.096
369.100 -1.047
369.150 -0.994
369.200 -0.941
369.250 -0.883
369.300 -0.825
369.350 -0.761
369.400 -0.697
369.450 -0.626
369.500 -0.556
369.550 -0.479
369.600 -0.402
369.650 -0.319
369.700 -0.235
369.750 -0.146
369.800 -0.057
369.850 0.036
369.900 0.130
369.950 0.226
370.000 0.323
370.050 0.421
370.100 0.519
370.150 0.617
370.200 0.714
370.250 0.809
370.300 0.903
370.350 0.993
370.400 1.082
370.450 1.164
370.500 1.246
370.550 1.319
370.600 1.391
370.650 1.452
370.700 1.512
370.750 1.560
370.800 1.607
370.850 1.640
370.900 1.673
370.950 1.690
371.000 1.707
371.050 1.709
371.100 1.711
371.150 1.697
371.200 1.683
371.250 1.654
371.300 1.625
371.350 1.583
371.400 1.540
371.450 1.485
371.500 1.430
371.550 1.365
371.600 1.300
371.650 1.226
371.700 1.153
371.750 1.073
371.800 0.994
371.850 0.910
371.900 0.827
371.950 0.742
372.000 0.657
372.050 0.573
372.100 0.489
372.150 0.407
372.200 0.326
372.250 0.248
372.300 0.171
372.350 0.099
372.400 0.027
372.450 -0.039
372.500 -0.104
372.550 -0.162
372.600 -0.220
372.650 -0.271
372.700 -0.321
372.750 -0.364
372.800 -0.407
372.850 -0.442
372.900 -0.477
372.950 -0.505
373.000 -0.533
373.050 -0.554
373.100 -0.575
373.150 -0.590
373.200 -0.605
373.250 -0.614
373.300 -0.623
373.350 -0.628
373.400 -0.632
373.450 -0.632
373.500 -0.632
373.550 -0.628
373.600 -0.624
373.650 -0.616
373.700 -0.608
373.750 -0.597
373.800 -0.586
373.850 -0.571
373.900 -0.556
373.950 -0.538
374.000 -0.520
374.050 -0.499
374.100 -0.477
374.150 -0.452
374.200 -0.427
374.250 -0.399
374.300 -0.370
374.350 -0.338
374.400 -0.305
374.450 -0.269
374.500 -0.233
374.550 -0.192
374.600 -0.152
374.650 -0.108
374.700 -0.064
374.750 -0.017
374.800 0.031
374.850 0.082
374.900 0.133
374.950 0.186
375.000 0.240
375.050 0.297
375.100 0.353
375.150 0.411
375.200 0.469
375.250 0.529
375.300 0.588
375.350 0.648
375.400 0.708
375.450 0.768
375.500 0.828
375.550 0.887
375.600 0.946
375.650 1.003
375.700 1.061
375.750 1.116
375.800 1.171
375.850 1.224
375.900 1.276
375.950 1.325
376.000 1.374
376.050 1.419
376.100 1.464
376.150 1.505
376.200 1.545
376.250 1.581
376.300 1.617
376.350 1.648
376.400 1.679
376.450 1.705
376.500 1.731
376.550 1.751
376.600 1.771
376.650 1.786
376.700 1.801
376.750 1.810
376.800 1.819
376.850 1.823
376.900 1.827
376.950 1.825
377.000 1.824
377.050 1.817
377.100 1.810
377.150 1.798
377.200 1.786
377.250 1.769
377.300 1.753
377.350 1.732
377.400 1.711
377.450 1.686
377.500 1.661
377.550 1.633
377.600 1.605
377.650 1.574
377.700 1.543
377.750 1.510
377.800 1.476
377.850 1.442
377.900 1.407
377.950 1.372
378.000 1.337
378.050 1.301
378.100 1.266
378.150 1.231
378.200 1.196
378.250 1.162
378.300 1.129
378.350 1.097
378.400 1.065
378.450 1.035
378.500 1.005
378.550 0.978
378.600 0.950
378.650 0.925
378.700 0.900
378.750 0.877
378.800 0.854
378.850 0.833
378.900 0.813
378.950 0.793
379.000 0.774
379.050 0.756
379.100 0.738
379.150 0.720
379.200 0.703
379.250 0.684
379.300 0.666
379.350 0.646
379.400 0.627
379.450 0.605
379.500 0.583
379.550 0.558
379.600 0.533
379.650 0.504
379.700 0.475
379.750 0.442
379.800 0.408
379.850 0.370
379.900 0.331
379.950 0.287
380.000 0.243
380.050 0.193
380.100 0.143
380.150 0.088
380.200 0.032
380.250 -0.028
380.300 -0.089
380.350 -0.154
380.400 -0.220
380.450 -0.289
380.500 -0.359
380.550 -0.431
380.600 -0.504
380.650 -0.579
380.700 -0.654
380.750 -0.731
380.800 -0.807
380.850 -0.884
380.900 -0.961
380.950 -1.037
381.000 -1.114
381.050 -1.188
381.100 -1.263
381.150 -1.335
381.200 -1.407
381.250 -1.476
381.300 -1.545
381.350 -1.611
381.400 -1.677
381.450 -1.738
381.500 -1.800
381.550 -1.857
381.600 -1.915
381.650 -1.968
381.700 -2.022
381.750 -2.071
381.800 -2.120
381.850 -2.166
381.900 -2.211
381.950 -2.253
382.000 -2.295
382.050 -2.333
382.100 -2.372
382.150 -2.407
382.200 -2.443
382.250 -2.475
382.300 -2.508
382.350 -2.538
382.400 -2.568
382.450 -2.596
382.500 -2.623
382.550 -2.648
382.600 -2.673
382.650 -2.695
382.700 -2.717
382.750 -2.736
382.800 -2.755
382.850 -2.771
382.900 -2.786
382.950 -2.798
383.000 -2.809
383.050 -2.816
383.100 -2.823
383.150 -2.825
383.200 -2.827
383.250 -2.823
383.300 -2.819
383.350 -2.809
383.400 -2.799
383.450 -2.782
383.500 -2.765
383.550 -2.742
383.600 -2.718
383.650 -2.687
383.700 -2.656
383.750 -2.617
383.800 -2.579
383.850 -2.534
383.900 -2.488
383.950 -2.435
384.000 -2.383
384.050 -2.324
384.100 -2.265
384.150 -2.200
384.200 -2.135
384.250 -2.064
384.300 -1.994
384.350 -1.919
384.400 -1.844
384.450 -1.766
384.500 -1.687
384.550 -1.606
384.600 -1.525
384.650 -1.442
384.700 -1.359
384.750 -1.275
384.800 -1.192
384.850 -1.108
384.900 -1.024
384.950 -0.942
385.000 -0.859
385.050 -0.778
385.100 -0.697
385.150 -0.618
385.200 -0.540
385.250 -0.464
385.300 -0.389
385.350 -0.317
385.400 -0.244
385.450 -0.176
385.500 -0.107
385.550 -0.043
385.600 0.022
385.650 0.082
385.700 0.143
385.750 0.199
385.800 0.256
385.850 0.309
385.900 0.362
385.950 0.412
386.000 0.461
386.050 0.508
386.100 0.555
386.150 0.600
386.200 0.644
386.250 0.687
386.300 0.730
386.350 0.772
386.400 0.814
386.450 0.856
386.500 0.898
386.550 0.941
386.600 0.983
386.650 1.028
386.700 1.072
386.750 1.118
386.800 1.165
386.850 1.214
386.900 1.263
386.950 1.316
387.000 1.368
387.050 1.425
387.100 1.481
387.150 1.541
387.200 1.601
387.250 1.665
387.300 1.729
387.350 1.797
387.400 1.864
387.450 1.935
387.500 2.005
387.550 2.078
387.600 2.151
387.650 2.225
387.700 2.298
387.750 2.372
387.800 2.446
387.850 2.518
387.900 2.591
387.950 2.660
388.000 2.730
388.050 2.795
388.100 2.861
388.150 2.920
388.200 2.979
388.250 3.031
388.300 3.084
388.350 3.127
388.400 3.171
388.450 3.205
388.500 3.239
388.550 3.262
388.600 3.285
388.650 3.298
388.700 3.310
388.750 3.311
388.800 3.312
388.850 3.302
388.900 3.292
388.950 3.270
389.000 3.249
389.050 3.217
389.100 3.186
389.150 3.145
389.200 3.104
389.250 3.054
389.300 3.005
389.350 2.948
389.400 2.891
389.450 2.828
389.500 2.766
389.550 2.698
389.600 2.631
389.650 2.560
389.700 2.489
389.750 2.415
389.800 2.341
389.850 2.266
389.900 2.191
389.950 2.114
390.000 2.038
390.050 1.961
390.100 1.884
390.150 1.807
390.200 1.730
390.250 1.652
390.300 1.574
390.350 1.496
390.400 1.418
390.450 1.339
390.500 1.259
390.550 1.178
390.600 1.098
390.650 1.015
390.700 0.932
390.750 0.846
390.800 0.761
390.850 0.673
390.900 0.584
390.950 0.492
391.000 0.401
391.050 0.305
391.100 0.210
391.150 0.111
391.200 0.013
391.250 -0.089
391.300 -0.191
391.350 -0.296
391.400 -0.401
391.450 -0.508
391.500 -0.615
391.550 -0.722
391.600 -0.830
391.650 -0.938
391.700 -1.046
391.750 -1.153
391.800 -1.259
391.850 -1.363
391.900 -1.467
391.950 -1.567
392.000 -1.667
392.050 -1.761
392.100 -1.856
392.150 -1.943
392.200 -2.031
392.250 -2.110
392.300 -2.189
392.350 -2.258
392.400 -2.328
392.450 -2.387
392.500 -2.446
392.550 -2.494
392.600 -2.541
392.650 -2.576
392.700 -2.612
392.750 -2.634
392.800 -2.657
392.850 -2.666
392.900 -2.675
392.950 -2.671
393.000 -2.668
393.050 -2.650
393.100 -2.633
393.150 -2.603
393.200 -2.573
393.250 -2.531
393.300 -2.489
393.350 -2.434
393.400 -2.380
393.450 -2.315
393.500 -2.250
393.550 -2.175
393.600 -2.100
393.650 -2.017
393.700 -1.933
393.750 -1.842
393.800 -1.752
393.850 -1.655
393.900 -1.559
393.950 -1.458
394.000 -1.357
394.050 -1.255
394.100 -1.152
394.150 -1.049
394.200 -0.945
394.250 -0.844
394.300 -0.742
394.350 -0.643
394.400 -0.545
394.450 -0.452
394.500 -0.358
394.550 -0.272
394.600 -0.185
394.650 -0.107
394.700 -0.029
394.750 0.039
394.800 0.107
394.850 0.164
394.900 0.222
394.950 0.267
395.000 0.313
395.050 0.346
395.100 0.379
395.150 0.400
395.200 0.421
395.250 0.430
395.300 0.438
395.350 0.435
395.400 0.431
395.450 0.417
395.500 0.402
395.550 0.378
395.600 0.353
395.650 0.320
395.700 0.286
395.750 0.245
395.800 0.204
395.850 0.156
395.900 0.109
395.950 0.057
396.000 0.006
396.050 -0.049
396.100 -0.104
396.150 -0.160
396.200 -0.217
396.250 -0.273
396.300 -0.330
396.350 -0.385
396.400 -0.441
396.450 -0.494
396.500 -0.547
396.550 -0.598
396.600 -0.648
396.650 -0.694
396.700 -0.741
396.750 -0.783
396.800 -0.825
396.850 -0.862
396.900 -0.899
396.950 -0.931
397.000 -0.963
397.050 -0.989
397.100 -1.015
397.150 -1.036
397.200 -1.056
397.250 -1.071
397.300 -1.085
397.350 -1.094
397.400 -1.102
397.450 -1.105
397.500 -1.107
397.550 -1.103
397.600 -1.099
397.650 -1.089
397.700 -1.078
397.750 -1.062
397.800 -1.046
397.850 -1.023
397.900 -1.001
397.950 -0.973
398.000 -0.945
398.050 -0.911
398.100 -0.878
398.150 -0.839
398.200 -0.801
398.250 -0.758
398.300 -0.716
398.350 -0.670
398.400 -0.625
398.450 -0.577
398.500 -0.529
398.550 -0.479
398.600 -0.430
398.650 -0.381
398.700 -0.331
398.750 -0.283
398.800 -0.235
398.850 -0.189
398.900 -0.143
398.950 -0.100
399.000 -0.058
399.050 -0.019
399.100 0.020
399.150 0.053
399.200 0.087
399.250 0.116
399.300 0.144
399.350 0.168
399.400 0.191
399.450 0.210
399.500 0.228
399.550 0.242
399.600 0.256
399.650 0.266
399.700 0.276
399.750 0.283
399.800 0.291
399.850 0.297
399.900 0.303
399.950 0.309
400.000 0.315
400.050 0.322
400.100 0.329
400.150 0.339
400.200 0.349
400.250 0.363
400.300 0.377
400.350 0.396
400.400 0.415
400.450 0.439
400.500 0.464
400.550 0.494
400.600 0.525
400.650 0.562
400.700 0.599
400.750 0.641
400.800 0.684
400.850 0.732
400.900 0.780
400.950 0.833
401.000 0.886
401.050 0.942
401.100 0.998
401.150 1.056
401.200 1.114
401.250 1.174
401.300 1.233
401.350 1.291
401.400 1.350
401.450 1.407
401.500 1.464
401.550 1.518
401.600 1.573
401.650 1.623
401.700 1.674
401.750 1.720
401.800 1.766
401.850 1.808
401.900 1.849
401.950 1.885
402.000 1.922
402.050 1.954
402.100 1.985
402.150 2.012
402.200 2.039
402.250 2.061
402.300 2.084
402.350 2.102
402.400 2.120
402.450 2.135
402.500 2.149
402.550 2.160
402.600 2.171
402.650 2.178
402.700 2.185
402.750 2.188
402.800 2.191
402.850 2.190
402.900 2.189
402.950 2.183
403.000 2.178
403.050 2.166
403.100 2.154
403.150 2.136
403.200 2.118
403.250 2.092
403.300 2.067
403.350 2.032
403.400 1.997
403.450 1.953
403.500 1.909
403.550 1.854
403.600 1.799
403.650 1.734
403.700 1.668
403.750 1.591
403.800 1.514
403.850 1.425
403.900 1.337
403.950 1.238
404.000 1.140
404.050 1.031
404.100 0.923
404.150 0.806
404.200 0.690
404.250 0.567
404.300 0.444
404.350 0.317
404.400 0.190
404.450 0.061
404.500 -0.069
404.550 -0.197
404.600 -0.326
404.650 -0.452
404.700 -0.578
404.750 -0.699
404.800 -0.820
404.850 -0.934
404.900 -1.047
404.950 -1.152
405.000 -1.256
405.050 -1.350
405.100 -1.444
405.150 -1.527
405.200 -1.609
405.250 -1.679
405.300 -1.750
405.350 -1.808
405.400 -1.866
405.450 -1.911
405.500 -1.957
405.550 -1.991
405.600 -2.026
405.650 -2.050
405.700 -2.074
405.750 -2.088
405.800 -2.103
405.850 -2.109
405.900 -2.116
405.950 -2.116
406.000 -2.117
406.050 -2.112
406.100 -2.107
406.150 -2.099
406.200 -2.091
406.250 -2.080
406.300 -2.070
406.350 -2.058
406.400 -2.046
406.450 -2.034
406.500 -2.022
406.550 -2.011
406.600 -1.999
406.650 -1.989
406.700 -1.978
406.750 -1.969
406.800 -1.960
406.850 -1.951
406.900 -1.943
406.950 -1.937
407.000 -1.930
407.050 -1.924
407.100 -1.919
407.150 -1.914
407.200 -1.909
407.250 -1.905
407.300 -1.901
407.350 -1.897
407.400 -1.893
407.450 -1.888
407.500 -1.884
407.550 -1.879
407.600 -1.874
407.650 -1.867
407.700 -1.860
407.750 -1.852
407.800 -1.843
407.850 -1.832
407.900 -1.820
407.950 -1.806
408.000 -1.791
408.050 -1.772
408.100 -1.753
408.150 -1.729
408.200 -1.706
408.250 -1.676
408.300 -1.646
408.350 -1.610
408.400 -1.573
408.450 -1.529
408.500 -1.486
408.550 -1.434
408.600 -1.382
408.650 -1.321
408.700 -1.261
408.750 -1.191
408.800 -1.122
408.850 -1.044
408.900 -0.965
408.950 -0.878
409.000 -0.791
409.050 -0.696
409.100 -0.601
409.150 -0.499
409.200 -0.396
409.250 -0.288
409.300 -0.180
409.350 -0.068
409.400 0.044
409.450 0.159
409.500 0.273
409.550 0.388
409.600 0.502
409.650 0.615
409.700 0.727
409.750 0.835
409.800 0.943
409.850 1.045
409.900 1.146
409.950 1.239
410.000 1.332
410.050 1.414
410.100 1.496
410.150 1.566
410.200 1.636
410.250 1.693
410.300 1.750
410.350 1.794
410.400 1.838
410.450 1.868
410.500 1.898
410.550 1.914
410.600 1.931
410.650 1.936
410.700 1.940
410.750 1.934
410.800 1.928
410.850 1.912
410.900 1.897
410.950 1.874
411.000 1.851
411.050 1.822
411.100 1.794
411.150 1.762
411.200 1.731
411.250 1.698
411.300 1.664
411.350 1.632
411.400 1.599
411.450 1.568
411.500 1.536
411.550 1.508
411.600 1.480
411.650 1.455
411.700 1.430
411.750 1.410
411.800 1.389
411.850 1.372
411.900 1.355
411.950 1.342
412.000 1.329
412.050 1.318
412.100 1.308
412.150 1.299
412.200 1.291
412.250 1.284
412.300 1.277
412.350 1.270
412.400 1.262
412.450 1.255
412.500 1.247
412.550 1.237
412.600 1.228
412.650 1.216
412.700 1.204
412.750 1.190
412.800 1.176
412.850 1.159
412.900 1.142
412.950 1.122
413.000 1.103
413.050 1.081
413.100 1.059
413.150 1.035
413.200 1.011
413.250 0.986
413.300 0.961
413.350 0.935
413.400 0.910
413.450 0.885
413.500 0.859
413.550 0.835
413.600 0.811
413.650 0.788
413.700 0.765
413.750 0.743
413.800 0.722
413.850 0.703
413.900 0.683
413.950 0.666
414.000 0.649
414.050 0.633
414.100 0.617
414.150 0.602
414.200 0.588
414.250 0.574
414.300 0.560
414.350 0.545
414.400 0.531
414.450 0.517
414.500 0.502
414.550 0.486
414.600 0.470
414.650 0.452
414.700 0.433
414.750 0.413
414.800 0.393
414.850 0.370
414.900 0.347
414.950 0.321
415.000 0.295
415.050 0.267
415.100 0.240
415.150 0.210
415.200 0.180
415.250 0.149
415.300 0.118
415.350 0.087
415.400 0.056
415.450 0.025
415.500 -0.006
415.550 -0.035
415.600 -0.064
415.650 -0.090
415.700 -0.116
415.750 -0.139
415.800 -0.162
415.850 -0.180
415.900 -0.199
415.950 -0.213
416.000 -0.226
416.050 -0.235
416.100 -0.244
416.150 -0.247
416.200 -0.251
416.250 -0.250
416.300 -0.249
416.350 -0.244
416.400 -0.239
416.450 -0.231
416.500 -0.224
416.550 -0.214
416.600 -0.204
416.650 -0.195
416.700 -0.185
416.750 -0.176
416.800 -0.168
416.850 -0.162
416.900 -0.156
416.950 -0.155
417.000 -0.154
417.050 -0.159
417.100 -0.164
417.150 -0.176
417.200 -0.188
417.250 -0.209
417.300 -0.229
417.350 -0.259
417.400 -0.289
417.450 -0.328
417.500 -0.367
417.550 -0.416
417.600 -0.465
417.650 -0.523
417.700 -0.581
417.750 -0.648
417.800 -0.715
417.850 -0.789
417.900 -0.863
417.950 -0.943
418.000 -1.024
418.050 -1.109
418.100 -1.194
418.150 -1.282
418.200 -1.370
418.250 -1.460
418.300 -1.549
418.350 -1.637
418.400 -1.726
418.450 -1.812
418.500 -1.898
418.550 -1.980
418.600 -2.062
418.650 -2.139
418.700 -2.216
418.750 -2.285
418.800 -2.355
418.850 -2.417
418.900 -2.479
418.950 -2.533
419.000 -2.586
419.050 -2.631
419.100 -2.676
419.150 -2.712
419.200 -2.747
419.250 -2.774
419.300 -2.801
419.350 -2.820
419.400 -2.838
419.450 -2.849
419.500 -2.859
419.550 -2.862
419.600 -2.865
419.650 -2.861
419.700 -2.858
419.750 -2.848
419.800 -2.838
419.850 -2.822
419.900 -2.806
419.950 -2.785
420.000 -2.764
420.050 -2.738
420.100 -2.712
420.150 -2.680
420.200 -2.649
420.250 -2.612
420.300 -2.576
420.350 -2.534
420.400 -2.491
420.450 -2.443
420.500 -2.395
420.550 -2.339
420.600 -2.284
420.650 -2.221
420.700 -2.158
420.750 -2.087
420.800 -2.016
420.850 -1.936
420.900 -1.856
420.950 -1.767
421.000 -1.678
421.050 -1.579
421.100 -1.480
421.150 -1.372
421.200 -1.264
421.250 -1.146
421.300 -1.029
421.350 -0.903
421.400 -0.777
421.450 -0.644
421.500 -0.510
421.550 -0.371
421.600 -0.232
421.650 -0.088
421.700 0.055
421.750 0.201
421.800 0.347
421.850 0.493
421.900 0.639
421.950 0.783
422.000 0.927
422.050 1.067
422.100 1.207
422.150 1.341
422.200 1.475
422.250 1.601
422.300 1.726
422.350 1.843
422.400 1.959
422.450 2.064
422.500 2.170
422.550 2.264
422.600 2.359
422.650 2.442
422.700 2.524
422.750 2.596
422.800 2.667
422.850 2.728
422.900 2.788
422.950 2.839
423.000 2.889
423.050 2.931
423.100 2.973
423.150 3.008
423.200 3.042
423.250 3.071
423.300 3.099
423.350 3.123
423.400 3.146
423.450 3.166
423.500 3.186
423.550 3.203
423.600 3.220
423.650 3.235
423.700 3.250
423.750 3.262
423.800 3.274
423.850 3.284
423.900 3.294
423.950 3.300
424.000 3.307
424.050 3.309
424.100 3.311
424.150 3.307
424.200 3.303
424.250 3.292
424.300 3.281
424.350 3.261
424.400 3.241
424.450 3.211
424.500 3.181
424.550 3.139
424.600 3.098
424.650 3.043
424.700 2.989
424.750 2.922
424.800 2.855
424.850 2.775
424.900 2.694
424.950 2.602
425.000 2.509
425.050 2.405
425.100 2.301
425.150 2.187
425.200 2.073
425.250 1.952
425.300 1.830
425.350 1.703
425.400 1.577
425.450 1.447
425.500 1.318
425.550 1.189
425.600 1.059
425.650 0.933
425.700 0.807
425.750 0.686
425.800 0.565
425.850 0.451
425.900 0.338
425.950 0.234
426.000 0.129
426.050 0.036
426.100 -0.058
426.150 -0.141
426.200 -0.224
426.250 -0.296
426.300 -0.368
426.350 -0.430
426.400 -0.492
426.450 -0.544
426.500 -0.597
426.550 -0.642
426.600 -0.687
426.650 -0.727
426.700 -0.767
426.750 -0.803
426.800 -0.839
426.850 -0.873
426.900 -0.908
426.950 -0.943
427.000 -0.978
427.050 -1.015
427.100 -1.052
427.150 -1.092
427.200 -1.132
427.250 -1.176
427.300 -1.220
427.350 -1.268
427.400 -1.316
427.450 -1.368
427.500 -1.420
427.550 -1.474
427.600 -1.529
427.650 -1.585
427.700 -1.641
427.750 -1.697
427.800 -1.752
427.850 -1.806
427.900 -1.859
427.950 -1.908
428.000 -1.957
428.050 -1.999
428.100 -2.042
428.150 -2.076
428.200 -2.110
428.250 -2.133
428.300 -2.157
428.350 -2.169
428.400 -2.181
428.450 -2.181
428.500 -2.180
428.550 -2.167
428.600 -2.154
428.650 -2.128
428.700 -2.102
428.750 -2.064
428.800 -2.027
428.850 -1.978
428.900 -1.929
428.950 -1.870
429.000 -1.811
429.050 -1.745
429.100 -1.678
429.150 -1.605
429.200 -1.532
429.250 -1.455
429.300 -1.378
429.350 -1.298
429.400 -1.218
429.450 -1.137
429.500 -1.056
429.550 -0.976
429.600 -0.895
429.650 -0.816
429.700 -0.737
429.750 -0.661
429.800 -0.584
429.850 -0.510
429.900 -0.436
429.950 -0.365
430.000 -0.294
430.050 -0.226
430.100 -0.158
430.150 -0.093
430.200 -0.027
430.250 0.036
430.300 0.099
430.350 0.160
430.400 0.221
430.450 0.280
430.500 0.339
430.550 0.396
430.600 0.454
430.650 0.509
430.700 0.565
430.750 0.619
430.800 0.673
430.850 0.724
430.900 0.776
430.950 0.824
431.000 0.873
431.050 0.918
431.100 0.962
431.150 1.002
431.200 1.042
431.250 1.076
431.300 1.110
431.350 1.136
431.400 1.163
431.450 1.182
431.500 1.200
431.550 1.209
431.600 1.219
431.650 1.218
431.700 1.217
431.750 1.206
431.800 1.194
431.850 1.172
431.900 1.150
431.950 1.117
432.000 1.084
432.050 1.040
432.100 0.996
432.150 0.942
432.200 0.888
432.250 0.825
432.300 0.762
432.350 0.691
432.400 0.620
432.450 0.542
432.500 0.464
432.550 0.381
432.600 0.298
432.650 0.211
432.700 0.124
432.750 0.034
432.800 -0.055
432.850 -0.145
432.900 -0.235
432.950 -0.325
433.000 -0.414
433.050 -0.501
433.100 -0.588
433.150 -0.672
433.200 -0.755
433.250 -0.834
433.300 -0.913
433.350 -0.986
433.400 -1.059
433.450 -1.125
433.500 -1.191
433.550 -1.250
433.600 -1.309
433.650 -1.360
433.700 -1.410
433.750 -1.453
433.800 -1.495
433.850 -1.528
433.900 -1.562
433.950 -1.586
434.000 -1.610
434.050 -1.626
434.100 -1.641
434.150 -1.647
434.200 -1.654
434.250 -1.651
434.300 -1.649
434.350 -1.638
434.400 -1.627
434.450 -1.609
434.500 -1.590
434.550 -1.565
434.600 -1.539
434.650 -1.507
434.700 -1.474
434.750 -1.437
434.800 -1.399
434.850 -1.356
434.900 -1.314
434.950 -1.267
435.000 -1.221
435.050 -1.172
435.100 -1.123
435.150 -1.072
435.200 -1.022
435.250 -0.970
435.300 -0.918
435.350 -0.867
435.400 -0.815
435.450 -0.764
435.500 -0.713
435.550 -0.663
435.600 -0.613
435.650 -0.565
435.700 -0.517
435.750 -0.471
435.800 -0.425
435.850 -0.381
435.900 -0.337
435.950 -0.295
436.000 -0.253
436.050 -0.212
436.100 -0.172
436.150 -0.134
436.200 -0.096
436.250 -0.059
436.300 -0.022
436.350 0.013
436.400 0.049
436.450 0.083
436.500 0.117
436.550 0.151
436.600 0.184
436.650 0.216
436.700 0.248
436.750 0.279
436.800 0.310
436.850 0.340
436.900 0.369
436.950 0.397
437.000 0.425
437.050 0.451
437.100 0.477
437.150 0.501
437.200 0.524
437.250 0.545
437.300 0.565
437.350 0.583
437.400 0.600
437.450 0.614
437.500 0.628
437.550 0.639
437.600 0.649
437.650 0.657
437.700 0.664
437.750 0.669
437.800 0.673
437.850 0.676
437.900 0.678
437.950 0.680
438.000 0.681
438.050 0.682
438.100 0.683
438.150 0.685
438.200 0.687
438.250 0.692
438.300 0.696
438.350 0.705
438.400 0.713
438.450 0.727
438.500 0.740
438.550 0.760
438.600 0.780
438.650 0.808
438.700 0.835
438.750 0.870
438.800 0.905
438.850 0.948
438.900 0.991
438.950 1.042
439.000 1.092
439.050 1.150
439.100 1.208
439.150 1.272
439.200 1.336
439.250 1.405
439.300 1.473
439.350 1.545
439.400 1.616
439.450 1.687
439.500 1.759
439.550 1.828
439.600 1.898
439.650 1.963
439.700 2.028
439.750 2.086
439.800 2.144
439.850 2.194
439.900 2.243
439.950 2.281
440.000 2.319
440.050 2.344
440.100 2.369
440.150 2.381
440.200 2.392
440.250 2.388
440.300 2.385
440.350 2.366
440.400 2.347
440.450 2.314
440.500 2.280
440.550 2.232
440.600 2.184
440.650 2.123
440.700 2.062
440.750 1.990
440.800 1.917
440.850 1.834
440.900 1.752
440.950 1.661
441.000 1.570
441.050 1.472
441.100 1.375
441.150 1.274
441.200 1.172
441.250 1.068
441.300 0.964
441.350 0.858
441.400 0.753
441.450 0.649
441.500 0.544
441.550 0.441
441.600 0.338
441.650 0.237
441.700 0.137
441.750 0.039
441.800 -0.058
441.850 -0.152
441.900 -0.245
441.950 -0.335
442.000 -0.425
442.050 -0.510
442.100 -0.596
442.150 -0.677
442.200 -0.758
442.250 -0.835
442.300 -0.912
442.350 -0.985
442.400 -1.057
442.450 -1.125
442.500 -1.193
442.550 -1.257
442.600 -1.320
442.650 -1.379
442.700 -1.438
442.750 -1.491
442.800 -1.544
442.850 -1.592
442.900 -1.640
442.950 -1.682
443.000 -1.724
443.050 -1.759
443.100 -1.795
443.150 -1.823
443.200 -1.852
443.250 -1.874
443.300 -1.896
443.350 -1.911
443.400 -1.926
443.450 -1.934
443.500 -1.942
443.550 -1.944
443.600 -1.946
443.650 -1.941
443.700 -1.936
443.750 -1.926
443.800 -1.916
443.850 -1.901
443.900 -1.886
443.950 -1.866
444.000 -1.847
444.050 -1.825
444.100 -1.803
444.150 -1.778
444.200 -1.754
444.250 -1.728
444.300 -1.702
444.350 -1.676
444.400 -1.649
444.450 -1.622
444.500 -1.596
444.550 -1.569
444.600 -1.542
444.650 -1.516
444.700 -1.490
444.750 -1.464
444.800 -1.438
444.850 -1.411
444.900 -1.385
444.950 -1.357
445.000 -1.330
445.050 -1.301
445.100 -1.272
445.150 -1.240
445.200 -1.209
445.250 -1.174
445.300 -1.138
445.350 -1.099
445.400 -1.059
445.450 -1.014
445.500 -0.969
445.550 -0.918
445.600 -0.866
445.650 -0.809
445.700 -0.751
445.750 -0.686
445.800 -0.621
445.850 -0.549
445.900 -0.478
445.950 -0.399
446.000 -0.321
446.050 -0.237
446.100 -0.153
446.150 -0.064
446.200 0.024
446.250 0.117
446.300 0.209
446.350 0.303
446.400 0.398
446.450 0.493
446.500 0.587
446.550 0.681
446.600 0.774
446.650 0.864
446.700 0.955
446.750 1.040
446.800 1.125
446.850 1.204
446.900 1.283
446.950 1.354
447.000 1.425
447.050 1.487
447.100 1.549
447.150 1.601
447.200 1.653
447.250 1.694
447.300 1.736
447.350 1.766
447.400 1.796
447.450 1.815
447.500 1.835
447.550 1.843
447.600 1.851
447.650 1.849
447.700 1.847
447.750 1.835
447.800 1.823
447.850 1.802
447.900 1.781
447.950 1.752
448.000 1.722
448.050 1.686
448.100 1.649
448.150 1.606
448.200 1.563
448.250 1.515
448.300 1.466
448.350 1.413
448.400 1.360
448.450 1.303
448.500 1.246
448.550 1.186
448.600 1.126
448.650 1.063
448.700 1.001
448.750 0.936
448.800 0.872
448.850 0.806
448.900 0.740
448.950 0.673
449.000 0.606
449.050 0.538
449.100 0.471
449.150 0.403
449.200 0.335
449.250 0.268
449.300 0.200
449.350 0.134
449.400 0.067
449.450 0.002
449.500 -0.064
449.550 -0.127
449.600 -0.191
449.650 -0.253
449.700 -0.314
449.750 -0.373
449.800 -0.432
449.850 -0.488
449.900 -0.544
449.950 -0.597
450.000 -0.649
450.050 -0.698
450.100 -0.747
450.150 -0.792
450.200 -0.836
450.250 -0.877
450.300 -0.917
450.350 -0.953
450.400 -0.989
450.450 -1.021
450.500 -1.053
450.550 -1.080
450.600 -1.107
450.650 -1.131
450.700 -1.154
450.750 -1.174
450.800 -1.193
450.850 -1.209
450.900 -1.225
450.950 -1.238
451.000 -1.251
451.050 -1.261
451.100 -1.271
451.150 -1.279
451.200 -1.287
451.250 -1.292
451.300 -1.298
451.350 -1.301
451.400 -1.305
451.450 -1.307
451.500 -1.309
451.550 -1.309
451.600 -1.309
451.650 -1.308
451.700 -1.307
451.750 -1.304
451.800 -1.301
451.850 -1.297
451.900 -1.292
451.950 -1.286
452.000 -1.280
452.050 -1.272
452.100 -1.264
452.150 -1.254
452.200 -1.244
452.250 -1.233
452.300 -1.221
452.350 -1.207
452.400 -1.194
452.450 -1.178
452.500 -1.163
452.550 -1.146
452.600 -1.128
452.650 -1.110
452.700 -1.091
452.750 -1.071
452.800 -1.051
452.850 -1.031
452.900 -1.010
452.950 -0.988
453.000 -0.967
453.050 -0.945
453.100 -0.923
453.150 -0.902
453.200 -0.880
453.250 -0.858
453.300 -0.836
453.350 -0.815
453.400 -0.793
453.450 -0.772
453.500 -0.750
453.550 -0.728
453.600 -0.707
453.650 -0.684
453.700 -0.662
453.750 -0.639
453.800 -0.616
453.850 -0.591
453.900 -0.566
453.950 -0.539
454.000 -0.511
454.050 -0.481
454.100 -0.450
454.150 -0.416
454.200 -0.382
454.250 -0.343
454.300 -0.304
454.350 -0.260
454.400 -0.216
454.450 -0.166
454.500 -0.117
454.550 -0.062
454.600 -0.006
454.650 0.055
454.700 0.115
454.750 0.182
454.800 0.248
454.850 0.319
454.900 0.390
454.950 0.464
455.000 0.539
455.050 0.617
455.100 0.694
455.150 0.773
455.200 0.853
455.250 0.932
455.300 1.011
455.350 1.090
455.400 1.168
455.450 1.243
455.500 1.319
455.550 1.391
455.600 1.463
455.650 1.530
455.700 1.597
455.750 1.658
455.800 1.719
455.850 1.774
455.900 1.829
455.950 1.877
456.000 1.925
456.050 1.967
456.100 2.009
456.150 2.044
456.200 2.079
456.250 2.109
456.300 2.139
456.350 2.163
456.400 2.188
456.450 2.208
456.500 2.228
456.550 2.246
456.600 2.263
456.650 2.277
456.700 2.292
456.750 2.305
456.800 2.318
456.850 2.329
456.900 2.341
456.950 2.351
457.000 2.362
457.050 2.371
457.100 2.381
457.150 2.389
457.200 2.397
457.250 2.403
457.300 2.409
457.350 2.411
457.400 2.414
457.450 2.412
457.500 2.411
457.550 2.403
457.600 2.396
457.650 2.381
457.700 2.366
457.750 2.343
457.800 2.320
457.850 2.287
457.900 2.255
457.950 2.211
458.000 2.168
458.050 2.113
458.100 2.058
458.150 1.991
458.200 1.925
458.250 1.847
458.300 1.770
458.350 1.681
458.400 1.593
458.450 1.495
458.500 1.397
458.550 1.292
458.600 1.186
458.650 1.074
458.700 0.963
458.750 0.848
458.800 0.732
458.850 0.616
458.900 0.499
458.950 0.384
459.000 0.269
459.050 0.157
459.100 0.045
459.150 -0.061
459.200 -0.167
459.250 -0.265
459.300 -0.363
459.350 -0.451
459.400 -0.540
459.450 -0.618
459.500 -0.696
459.550 -0.762
459.600 -0.829
459.650 -0.883
459.700 -0.938
459.750 -0.981
459.800 -1.024
459.850 -1.056
459.900 -1.087
459.950 -1.109
460.000 -1.130
460.050 -1.142
460.100 -1.154
460.150 -1.159
460.200 -1.163
460.250 -1.160
460.300 -1.158
460.350 -1.151
460.400 -1.143
460.450 -1.132
460.500 -1.121
460.550 -1.108
460.600 -1.094
460.650 -1.080
460.700 -1.065
460.750 -1.050
460.800 -1.036
460.850 -1.022
460.900 -1.008
460.950 -0.996
461.000 -0.985
461.050 -0.975
461.100 -0.966
461.150 -0.959
461.200 -0.953
461.250 -0.950
461.300 -0.947
461.350 -0.949
461.400 -0.951
461.450 -0.957
461.500 -0.964
461.550 -0.976
461.600 -0.988
461.650 -1.006
461.700 -1.024
461.750 -1.048
461.800 -1.073
461.850 -1.105
461.900 -1.137
461.950 -1.177
462.000 -1.216
462.050 -1.263
462.100 -1.311
462.150 -1.366
462.200 -1.421
462.250 -1.483
462.300 -1.546
462.350 -1.615
462.400 -1.685
462.450 -1.760
462.500 -1.835
462.550 -1.915
462.600 -1.994
462.650 -2.077
462.700 -2.159
462.750 -2.242
462.800 -2.324
462.850 -2.405
462.900 -2.486
462.950 -2.563
463.000 -2.639
463.050 -2.708
463.100 -2.777
463.150 -2.837
463.200 -2.896
463.250 -2.944
463.300 -2.991
463.350 -3.024
463.400 -3.056
463.450 -3.073
463.500 -3.090
463.550 -3.089
463.600 -3.089
463.650 -3.070
463.700 -3.052
463.750 -3.016
463.800 -2.979
463.850 -2.925
463.900 -2.872
463.950 -2.802
464.000 -2.732
464.050 -2.648
464.100 -2.565
464.150 -2.469
464.200 -2.373
464.250 -2.268
464.300 -2.163
464.350 -2.051
464.400 -1.940
464.450 -1.825
464.500 -1.709
464.550 -1.593
464.600 -1.477
464.650 -1.363
464.700 -1.248
464.750 -1.137
464.800 -1.026
464.850 -0.921
464.900 -0.816
464.950 -0.717
465.000 -0.618
465.050 -0.526
465.100 -0.434
465.150 -0.350
465.200 -0.265
465.250 -0.187
465.300 -0.109
465.350 -0.037
465.400 0.035
465.450 0.103
465.500 0.171
465.550 0.235
465.600 0.300
465.650 0.363
465.700 0.426
465.750 0.489
465.800 0.552
465.850 0.616
465.900 0.680
465.950 0.746
466.000 0.812
466.050 0.881
466.100 0.950
466.150 1.023
466.200 1.095
466.250 1.170
466.300 1.245
466.350 1.322
466.400 1.400
466.450 1.478
466.500 1.557
466.550 1.636
466.600 1.715
466.650 1.792
466.700 1.869
466.750 1.943
466.800 2.017
466.850 2.087
466.900 2.156
466.950 2.219
467.000 2.281
467.050 2.336
467.100 2.391
467.150 2.436
467.200 2.481
467.250 2.516
467.300 2.551
467.350 2.575
467.400 2.599
467.450 2.612
467.500 2.624
467.550 2.625
467.600 2.627
467.650 2.617
467.700 2.607
467.750 2.586
467.800 2.566
467.850 2.536
467.900 2.506
467.950 2.467
468.000 2.428
468.050 2.381
468.100 2.335
468.150 2.282
468.200 2.229
468.250 2.170
468.300 2.112
468.350 2.050
468.400 1.987
468.450 1.922
468.500 1.857
468.550 1.791
468.600 1.724
468.650 1.657
468.700 1.589
468.750 1.523
468.800 1.456
468.850 1.391
468.900 1.326
468.950 1.263
469.000 1.201
469.050 1.142
469.100 1.083
469.150 1.028
469.200 0.974
469.250 0.925
469.300 0.875
469.350 0.832
469.400 0.789
469.450 0.752
469.500 0.715
469.550 0.685
469.600 0.655
469.650 0.633
469.700 0.610
469.750 0.594
469.800 0.579
469.850 0.570
469.900 0.561
469.950 0.559
470.000 0.556
470.050 0.559
470.100 0.562
470.150 0.569
470.200 0.576
470.250 0.586
470.300 0.596
470.350 0.607
470.400 0.619
470.450 0.630
470.500 0.641
470.550 0.650
470.600 0.659
470.650 0.665
470.700 0.671
470.750 0.672
470.800 0.673
470.850 0.668
470.900 0.663
470.950 0.651
471.000 0.640
471.050 0.621
471.100 0.603
471.150 0.578
471.200 0.552
471.250 0.521
471.300 0.490
471.350 0.453
471.400 0.417
471.450 0.376
471.500 0.336
471.550 0.294
471.600 0.251
471.650 0.209
471.700 0.167
471.750 0.126
471.800 0.085
471.850 0.049
471.900 0.012
471.950 -0.020
472.000 -0.051
472.050 -0.076
472.100 -0.101
472.150 -0.118
472.200 -0.135
472.250 -0.144
472.300 -0.153
472.350 -0.154
472.400 -0.155
472.450 -0.150
472.500 -0.144
472.550 -0.132
472.600 -0.121
472.650 -0.105
472.700 -0.090
472.750 -0.072
472.800 -0.055
472.850 -0.038
472.900 -0.021
472.950 -0.007
473.000 0.007
473.050 0.017
473.100 0.026
473.150 0.028
473.200 0.030
473.250 0.023
473.300 0.016
473.350 -0.001
473.400 -0.017
473.450 -0.044
473.500 -0.071
473.550 -0.108
473.600 -0.145
473.650 -0.192
473.700 -0.238
473.750 -0.293
473.800 -0.347
473.850 -0.407
473.900 -0.468
473.950 -0.531
474.000 -0.595
474.050 -0.660
474.100 -0.725
474.150 -0.789
474.200 -0.852
474.250 -0.911
474.300 -0.970
474.350 -1.023
474.400 -1.076
474.450 -1.121
474.500 -1.165
474.550 -1.200
474.600 -1.235
474.650 -1.260
474.700 -1.285
474.750 -1.300
474.800 -1.315
474.850 -1.320
474.900 -1.325
474.950 -1.322
475.000 -1.319
475.050 -1.310
475.100 -1.300
475.150 -1.287
475.200 -1.273
475.250 -1.257
475.300 -1.242
475.350 -1.227
475.400 -1.212
475.450 -1.200
475.500 -1.188
475.550 -1.180
475.600 -1.173
475.650 -1.173
475.700 -1.172
475.750 -1.179
475.800 -1.186
475.850 -1.202
475.900 -1.217
475.950 -1.241
476.000 -1.265
476.050 -1.296
476.100 -1.327
476.150 -1.364
476.200 -1.401
476.250 -1.443
476.300 -1.485
476.350 -1.530
476.400 -1.574
476.450 -1.619
476.500 -1.664
476.550 -1.707
476.600 -1.749
476.650 -1.788
476.700 -1.827
476.750 -1.859
476.800 -1.892
476.850 -1.917
476.900 -1.942
476.950 -1.959
477.000 -1.975
477.050 -1.982
477.100 -1.989
477.150 -1.986
477.200 -1.984
477.250 -1.972
477.300 -1.960
477.350 -1.940
477.400 -1.920
477.450 -1.892
477.500 -1.864
477.550 -1.830
477.600 -1.797
477.650 -1.758
477.700 -1.719
477.750 -1.676
477.800 -1.634
477.850 -1.589
477.900 -1.544
477.950 -1.498
478.000 -1.451
478.050 -1.404
478.100 -1.357
478.150 -1.309
478.200 -1.261
478.250 -1.213
478.300 -1.165
478.350 -1.115
478.400 -1.066
478.450 -1.015
478.500 -0.965
478.550 -0.911
478.600 -0.858
478.650 -0.802
478.700 -0.746
478.750 -0.686
478.800 -0.626
478.850 -0.561
478.900 -0.496
478.950 -0.426
479.000 -0.356
479.050 -0.281
479.100 -0.206
479.150 -0.126
479.200 -0.046
479.250 0.038
479.300 0.122
479.350 0.210
479.400 0.297
479.450 0.386
479.500 0.475
479.550 0.564
479.600 0.653
479.650 0.740
479.700 0.826
479.750 0.909
479.800 0.991
479.850 1.066
479.900 1.142
479.950 1.209
480.000 1.275
480.050 1.331
480.100 1.387
480.150 1.431
480.200 1.475
480.250 1.506
480.300 1.536
480.350 1.553
480.400 1.569
480.450 1.572
480.500 1.575
480.550 1.564
480.600 1.553
480.650 1.530
480.700 1.507
480.750 1.473
480.800 1.439
480.850 1.396
480.900 1.354
480.950 1.304
481.000 1.255
481.050 1.201
481.100 1.148
481.150 1.093
481.200 1.038
481.250 0.984
481.300 0.930
481.350 0.879
481.400 0.828
481.450 0.783
481.500 0.738
481.550 0.700
481.600 0.663
481.650 0.634
481.700 0.605
481.750 0.586
481.800 0.567
481.850 0.559
481.900 0.551
481.950 0.554
482.000 0.556
482.050 0.569
482.100 0.583
482.150 0.606
482.200 0.629
482.250 0.662
482.300 0.695
482.350 0.735
482.400 0.776
482.450 0.824
482.500 0.871
482.550 0.925
482.600 0.978
482.650 1.035
482.700 1.093
482.750 1.153
482.800 1.213
482.850 1.275
482.900 1.336
482.950 1.398
483.000 1.460
483.050 1.520
483.100 1.581
483.150 1.639
483.200 1.697
483.250 1.752
483.300 1.808
483.350 1.859
483.400 1.910
483.450 1.956
483.500 2.002
483.550 2.043
483.600 2.084
483.650 2.118
483.700 2.153
483.750 2.181
483.800 2.209
483.850 2.230
483.900 2.251
483.950 2.264
484.000 2.278
484.050 2.283
484.100 2.289
484.150 2.287
484.200 2.285
484.250 2.275
484.300 2.265
484.350 2.247
484.400 2.229
484.450 2.203
484.500 2.177
484.550 2.144
484.600 2.110
484.650 2.069
484.700 2.029
484.750 1.982
484.800 1.934
484.850 1.881
484.900 1.828
484.950 1.770
485.000 1.711
485.050 1.649
485.100 1.587
485.150 1.521
485.200 1.456
485.250 1.388
485.300 1.321
485.350 1.253
485.400 1.184
485.450 1.116
485.500 1.049
485.550 0.982
485.600 0.916
485.650 0.852
485.700 0.788
485.750 0.727
485.800 0.667
485.850 0.611
485.900 0.555
485.950 0.503
486.000 0.452
486.050 0.405
486.100 0.359
486.150 0.318
486.200 0.277
486.250 0.241
486.300 0.205
486.350 0.175
486.400 0.144
486.450 0.117
486.500 0.091
486.550 0.068
486.600 0.045
486.650 0.024
486.700 0.004
486.750 -0.015
486.800 -0.034
486.850 -0.053
486.900 -0.071
486.950 -0.091
487.000 -0.110
487.050 -0.132
487.100 -0.154
487.150 -0.180
487.200 -0.205
487.250 -0.236
487.300 -0.266
487.350 -0.302
487.400 -0.339
487.450 -0.382
487.500 -0.425
487.550 -0.476
487.600 -0.526
487.650 -0.585
487.700 -0.644
487.750 -0.711
487.800 -0.778
487.850 -0.853
487.900 -0.928
487.950 -1.012
488.000 -1.095
488.050 -1.187
488.100 -1.278
488.150 -1.376
488.200 -1.474
488.250 -1.578
488.300 -1.682
488.350 -1.791
488.400 -1.900
488.450 -2.014
488.500 -2.127
488.550 -2.242
488.600 -2.358
488.650 -2.475
488.700 -2.592
488.750 -2.709
488.800 -2.826
488.850 -2.942
488.900 -3.058
488.950 -3.171
489.000 -3.285
489.050 -3.394
489.100 -3.504
489.150 -3.609
489.200 -3.713
489.250 -3.812
489.300 -3.911
489.350 -4.003
489.400 -4.095
489.450 -4.178
489.500 -4.262
489.550 -4.337
489.600 -4.412
489.650 -4.477
489.700 -4.541
489.750 -4.595
489.800 -4.649
489.850 -4.691
489.900 -4.734
489.950 -4.763
490.000 -4.792
490.050 -4.807
490.100 -4.823
490.150 -4.823
490.200 -4.824
490.250 -4.809
490.300 -4.793
490.350 -4.762
490.400 -4.730
490.450 -4.680
490.500 -4.631
490.550 -4.563
490.600 -4.496
490.650 -4.410
490.700 -4.324
490.750 -4.219
490.800 -4.115
490.850 -3.992
490.900 -3.869
490.950 -3.728
491.000 -3.587
491.050 -3.429
491.100 -3.271
491.150 -3.097
491.200 -2.923
491.250 -2.735
491.300 -2.547
491.350 -2.348
491.400 -2.148
491.450 -1.939
491.500 -1.730
491.550 -1.514
491.600 -1.298
491.650 -1.078
491.700 -0.858
491.750 -0.637
491.800 -0.416
491.850 -0.198
491.900 0.021
491.950 0.235
492.000 0.448
492.050 0.654
492.100 0.859
492.150 1.054
492.200 1.250
492.250 1.432
492.300 1.615
492.350 1.783
492.400 1.952
492.450 2.105
492.500 2.258
492.550 2.395
492.600 2.532
492.650 2.652
492.700 2.772
492.750 2.876
492.800 2.981
492.850 3.069
492.900 3.157
492.950 3.231
493.000 3.305
493.050 3.365
493.100 3.425
493.150 3.474
493.200 3.522
493.250 3.559
493.300 3.597
493.350 3.625
493.400 3.653
493.450 3.673
493.500 3.693
493.550 3.706
493.600 3.720
493.650 3.727
493.700 3.734
493.750 3.736
493.800 3.738
493.850 3.735
493.900 3.732
493.950 3.724
494.000 3.716
494.050 3.702
494.100 3.689
494.150 3.670
494.200 3.652
494.250 3.627
494.300 3.603
494.350 3.572
494.400 3.541
494.450 3.503
494.500 3.465
494.550 3.421
494.600 3.376
494.650 3.324
494.700 3.272
494.750 3.213
494.800 3.155
494.850 3.089
494.900 3.024
494.950 2.953
495.000 2.882
495.050 2.807
495.100 2.731
495.150 2.653
495.200 2.574
495.250 2.494
495.300 2.413
495.350 2.333
495.400 2.253
495.450 2.175
495.500 2.098
495.550 2.024
495.600 1.950
495.650 1.882
495.700 1.813
495.750 1.753
495.800 1.692
495.850 1.640
495.900 1.588
495.950 1.545
496.000 1.503
496.050 1.471
496.100 1.439
496.150 1.417
496.200 1.395
496.250 1.384
496.300 1.372
496.350 1.370
496.400 1.368
496.450 1.374
496.500 1.380
496.550 1.392
496.600 1.405
496.650 1.422
496.700 1.440
496.750 1.460
496.800 1.481
496.850 1.502
496.900 1.523
496.950 1.542
497.000 1.562
497.050 1.577
497.100 1.593
497.150 1.603
497.200 1.613
497.250 1.615
497.300 1.618
497.350 1.611
497.400 1.604
497.450 1.587
497.500 1.570
497.550 1.542
497.600 1.513
497.650 1.473
497.700 1.433
497.750 1.381
497.800 1.328
497.850 1.264
497.900 1.200
497.950 1.124
498.000 1.048
498.050 0.961
498.100 0.874
498.150 0.777
498.200 0.680
498.250 0.574
498.300 0.468
498.350 0.354
498.400 0.240
498.450 0.119
498.500 -0.002
498.550 -0.128
498.600 -0.255
498.650 -0.385
498.700 -0.516
498.750 -0.650
498.800 -0.784
498.850 -0.919
498.900 -1.055
498.950 -1.192
499.000 -1.329
499.050 -1.465
499.100 -1.601
499.150 -1.737
499.200 -1.872
499.250 -2.005
499.300 -2.138
499.350 -2.267
499.400 -2.397
499.450 -2.523
499.500 -2.648
499.550 -2.768
499.600 -2.889
499.650 -3.003
499.700 -3.118
499.750 -3.225
499.800 -3.332
499.850 -3.432
499.900 -3.531
499.950 -3.621
500.000 -3.712
500.050 -3.793
500.100 -3.873
500.150 -3.943
500.200 -4.013
500.250 -4.071
500.300 -4.130
500.350 -4.176
500.400 -4.222
500.450 -4.256
500.500 -4.289
500.550 -4.309
500.600 -4.329
500.650 -4.335
500.700 -4.342
500.750 -4.334
500.800 -4.327
500.850 -4.305
500.900 -4.284
500.950 -4.249
501.000 -4.214
501.050 -4.165
501.100 -4.117
501.150 -4.055
501.200 -3.994
501.250 -3.921
501.300 -3.847
501.350 -3.763
501.400 -3.678
501.450 -3.583
501.500 -3.489
501.550 -3.385
501.600 -3.281
501.650 -3.169
501.700 -3.058
501.750 -2.939
501.800 -2.821
501.850 -2.698
501.900 -2.575
501.950 -2.448
502.000 -2.321
502.050 -2.192
502.100 -2.063
502.150 -1.933
502.200 -1.804
502.250 -1.675
502.300 -1.546
502.350 -1.419
502.400 -1.292
502.450 -1.168
502.500 -1.045
502.550 -0.926
502.600 -0.807
502.650 -0.694
502.700 -0.582
502.750 -0.476
502.800 -0.370
502.850 -0.271
502.900 -0.173
502.950 -0.083
503.000 0.006
503.050 0.087
503.100 0.168
503.150 0.239
503.200 0.310
503.250 0.371
503.300 0.433
503.350 0.485
503.400 0.537
503.450 0.579
503.500 0.622
503.550 0.656
503.600 0.689
503.650 0.715
503.700 0.740
503.750 0.759
503.800 0.777
503.850 0.789
503.900 0.801
503.950 0.808
504.000 0.814
504.050 0.818
504.100 0.821
504.150 0.821
504.200 0.822
504.250 0.822
504.300 0.821
504.350 0.821
504.400 0.821
504.450 0.822
504.500 0.823
504.550 0.827
504.600 0.831
504.650 0.838
504.700 0.846
504.750 0.857
504.800 0.869
504.850 0.885
504.900 0.902
504.950 0.923
505.000 0.944
505.050 0.970
505.100 0.996
505.150 1.027
505.200 1.058
505.250 1.093
505.300 1.128
505.350 1.166
505.400 1.205
505.450 1.246
505.500 1.287
505.550 1.330
505.600 1.373
505.650 1.416
505.700 1.460
505.750 1.503
505.800 1.547
505.850 1.590
505.900 1.632
505.950 1.673
506.000 1.714
506.050 1.753
506.100 1.791
506.150 1.827
506.200 1.863
506.250 1.896
506.300 1.930
506.350 1.960
506.400 1.990
506.450 2.018
506.500 2.045
506.550 2.070
506.600 2.096
506.650 2.119
506.700 2.142
506.750 2.164
506.800 2.185
506.850 2.206
506.900 2.227
506.950 2.247
507.000 2.267
507.050 2.287
507.100 2.307
507.150 2.327
507.200 2.347
507.250 2.367
507.300 2.387
507.350 2.407
507.400 2.427
507.450 2.447
507.500 2.467
507.550 2.486
507.600 2.505
507.650 2.522
507.700 2.540
507.750 2.555
507.800 2.570
507.850 2.582
507.900 2.594
507.950 2.602
508.000 2.610
508.050 2.613
508.100 2.616
508.150 2.613
508.200 2.610
508.250 2.601
508.300 2.591
508.350 2.575
508.400 2.558
508.450 2.534
508.500 2.510
508.550 2.478
508.600 2.446
508.650 2.406
508.700 2.366
508.750 2.319
508.800 2.271
508.850 2.217
508.900 2.163
508.950 2.101
509.000 2.040
509.050 1.973
509.100 1.906
509.150 1.833
509.200 1.761
509.250 1.684
509.300 1.607
509.350 1.526
509.400 1.445
509.450 1.361
509.500 1.277
509.550 1.190
509.600 1.103
509.650 1.014
509.700 0.925
509.750 0.835
509.800 0.744
509.850 0.652
509.900 0.560
509.950 0.467
510.000 0.374
510.050 0.281
510.100 0.187
510.150 0.093
510.200 -0.001
510.250 -0.095
510.300 -0.190
510.350 -0.284
510.400 -0.378
510.450 -0.471
510.500 -0.564
510.550 -0.656
510.600 -0.748
510.650 -0.839
510.700 -0.929
510.750 -1.016
510.800 -1.104
510.850 -1.189
510.900 -1.273
510.950 -1.353
511.000 -1.434
511.050 -1.509
511.100 -1.585
511.150 -1.655
511.200 -1.725
511.250 -1.789
511.300 -1.853
511.350 -1.911
511.400 -1.969
511.450 -2.020
511.500 -2.072
511.550 -2.116
511.600 -2.161
511.650 -2.200
511.700 -2.239
511.750 -2.273
511.800 -2.306
511.850 -2.334
511.900 -2.363
511.950 -2.387
512.000 -2.412
512.050 -2.433
512.100 -2.455
512.150 -2.474
512.200 -2.494
512.250 -2.512
512.300 -2.530
512.350 -2.548
512.400 -2.566
512.450 -2.584
512.500 -2.602
512.550 -2.621
512.600 -2.639
512.650 -2.658
512.700 -2.677
512.750 -2.696
512.800 -2.716
512.850 -2.734
512.900 -2.753
512.950 -2.770
513.000 -2.788
513.050 -2.802
513.100 -2.817
513.150 -2.828
513.200 -2.839
513.250 -2.845
513.300 -2.850
513.350 -2.849
513.400 -2.848
513.450 -2.839
513.500 -2.830
513.550 -2.812
513.600 -2.794
513.650 -2.766
513.700 -2.738
513.750 -2.700
513.800 -2.662
513.850 -2.613
513.900 -2.565
513.950 -2.507
514.000 -2.448
514.050 -2.381
514.100 -2.314
514.150 -2.239
514.200 -2.164
514.250 -2.082
514.300 -2.001
514.350 -1.915
514.400 -1.828
514.450 -1.739
514.500 -1.650
514.550 -1.560
514.600 -1.470
514.650 -1.380
514.700 -1.291
514.750 -1.203
514.800 -1.116
514.850 -1.032
514.900 -0.948
514.950 -0.868
515.000 -0.788
515.050 -0.713
515.100 -0.639
515.150 -0.569
515.200 -0.499
515.250 -0.435
515.300 -0.370
515.350 -0.311
515.400 -0.251
515.450 -0.196
515.500 -0.141
515.550 -0.089
515.600 -0.038
515.650 0.011
515.700 0.059
515.750 0.105
515.800 0.151
515.850 0.194
515.900 0.237
515.950 0.278
516.000 0.319
516.050 0.358
516.100 0.396
516.150 0.432
516.200 0.468
516.250 0.500
516.300 0.532
516.350 0.560
516.400 0.588
516.450 0.611
516.500 0.633
516.550 0.650
516.600 0.666
516.650 0.675
516.700 0.684
516.750 0.686
516.800 0.687
516.850 0.681
516.900 0.675
516.950 0.660
517.000 0.646
517.050 0.625
517.100 0.603
517.150 0.576
517.200 0.548
517.250 0.516
517.300 0.484
517.350 0.449
517.400 0.415
517.450 0.380
517.500 0.345
517.550 0.313
517.600 0.280
517.650 0.253
517.700 0.226
517.750 0.206
517.800 0.186
517.850 0.177
517.900 0.167
517.950 0.169
518.000 0.171
518.050 0.186
518.100 0.201
518.150 0.230
518.200 0.259
518.250 0.302
518.300 0.344
518.350 0.400
518.400 0.455
518.450 0.522
518.500 0.588
518.550 0.664
518.600 0.739
518.650 0.821
518.700 0.903
518.750 0.988
518.800 1.072
518.850 1.157
518.900 1.242
518.950 1.323
519.000 1.404
519.050 1.479
519.100 1.554
519.150 1.619
519.200 1.685
519.250 1.739
519.300 1.794
519.350 1.835
519.400 1.877
519.450 1.906
519.500 1.934
519.550 1.950
519.600 1.965
519.650 1.968
519.700 1.972
519.750 1.964
519.800 1.957
519.850 1.941
519.900 1.925
519.950 1.904
520.000 1.882
520.050 1.857
520.100 1.831
520.150 1.806
520.200 1.780
520.250 1.756
520.300 1.732
520.350 1.712
520.400 1.692
520.450 1.678
520.500 1.664
520.550 1.656
520.600 1.649
520.650 1.648
520.700 1.648
520.750 1.654
520.800 1.660
520.850 1.672
520.900 1.684
520.950 1.701
521.000 1.717
521.050 1.736
521.100 1.756
521.150 1.775
521.200 1.795
521.250 1.814
521.300 1.832
521.350 1.847
521.400 1.862
521.450 1.872
521.500 1.881
521.550 1.885
521.600 1.888
521.650 1.884
521.700 1.880
521.750 1.868
521.800 1.857
521.850 1.838
521.900 1.819
521.950 1.793
522.000 1.768
522.050 1.737
522.100 1.706
522.150 1.671
522.200 1.636
522.250 1.599
522.300 1.562
522.350 1.525
522.400 1.487
522.450 1.450
522.500 1.414
522.550 1.380
522.600 1.346
522.650 1.315
522.700 1.284
522.750 1.257
522.800 1.230
522.850 1.206
522.900 1.183
522.950 1.163
523.000 1.142
523.050 1.124
523.100 1.107
523.150 1.089
523.200 1.072
523.250 1.055
523.300 1.037
523.350 1.017
523.400 0.996
523.450 0.972
523.500 0.948
523.550 0.918
523.600 0.888
523.650 0.851
523.700 0.815
523.750 0.771
523.800 0.727
523.850 0.676
523.900 0.624
523.950 0.566
524.000 0.507
524.050 0.443
524.100 0.378
524.150 0.309
524.200 0.240
524.250 0.168
524.300 0.096
524.350 0.024
524.400 -0.049
524.450 -0.120
524.500 -0.190
524.550 -0.257
524.600 -0.324
524.650 -0.385
524.700 -0.445
524.750 -0.498
524.800 -0.551
524.850 -0.595
524.900 -0.638
524.950 -0.672
525.000 -0.706
525.050 -0.731
525.100 -0.755
525.150 -0.771
525.200 -0.786
525.250 -0.794
525.300 -0.802
525.350 -0.804
525.400 -0.806
525.450 -0.805
525.500 -0.803
525.550 -0.801
525.600 -0.799
525.650 -0.800
525.700 -0.800
525.750 -0.805
525.800 -0.810
525.850 -0.823
525.900 -0.835
525.950 -0.858
526.000 -0.881
526.050 -0.915
526.100 -0.949
526.150 -0.997
526.200 -1.044
526.250 -1.105
526.300 -1.166
526.350 -1.240
526.400 -1.315
526.450 -1.403
526.500 -1.490
526.550 -1.589
526.600 -1.689
526.650 -1.798
526.700 -1.908
526.750 -2.025
526.800 -2.143
526.850 -2.266
526.900 -2.389
526.950 -2.515
527.000 -2.642
527.050 -2.769
527.100 -2.896
527.150 -3.021
527.200 -3.146
527.250 -3.268
527.300 -3.389
527.350 -3.504
527.400 -3.619
527.450 -3.727
527.500 -3.834
527.550 -3.933
527.600 -4.031
527.650 -4.119
527.700 -4.208
527.750 -4.285
527.800 -4.362
527.850 -4.427
527.900 -4.492
527.950 -4.545
528.000 -4.598
528.050 -4.638
528.100 -4.678
528.150 -4.706
528.200 -4.733
528.250 -4.748
528.300 -4.762
528.350 -4.763
528.400 -4.764
528.450 -4.751
528.500 -4.739
528.550 -4.713
528.600 -4.686
528.650 -4.646
528.700 -4.606
528.750 -4.552
528.800 -4.497
528.850 -4.429
528.900 -4.361
528.950 -4.278
529.000 -4.196
529.050 -4.100
529.100 -4.004
529.150 -3.895
529.200 -3.786
529.250 -3.665
529.300 -3.544
529.350 -3.411
529.400 -3.279
529.450 -3.136
529.500 -2.994
529.550 -2.843
529.600 -2.692
529.650 -2.534
529.700 -2.376
529.750 -2.212
529.800 -2.049
529.850 -1.882
529.900 -1.716
529.950 -1.547
530.000 -1.379
530.050 -1.211
530.100 -1.042
530.150 -0.876
530.200 -0.709
530.250 -0.545
530.300 -0.381
530.350 -0.221
530.400 -0.060
530.450 0.095
530.500 0.250
530.550 0.400
530.600 0.551
530.650 0.695
530.700 0.840
530.750 0.978
530.800 1.117
530.850 1.250
530.900 1.383
530.950 1.511
531.000 1.638
531.050 1.761
531.100 1.883
531.150 2.000
531.200 2.117
531.250 2.230
531.300 2.342
531.350 2.450
531.400 2.558
531.450 2.662
531.500 2.765
531.550 2.864
531.600 2.962
531.650 3.056
531.700 3.150
531.750 3.239
531.800 3.328
531.850 3.411
531.900 3.494
531.950 3.571
532.000 3.649
532.050 3.720
532.100 3.791
532.150 3.855
532.200 3.919
532.250 3.976
532.300 4.033
532.350 4.082
532.400 4.131
532.450 4.172
532.500 4.214
532.550 4.247
532.600 4.280
532.650 4.305
532.700 4.329
532.750 4.346
532.800 4.362
532.850 4.369
532.900 4.377
532.950 4.376
533.000 4.375
533.050 4.366
533.100 4.356
533.150 4.338
533.200 4.319
533.250 4.292
533.300 4.265
533.350 4.229
533.400 4.193
533.450 4.147
533.500 4.102
533.550 4.048
533.600 3.994
533.650 3.931
533.700 3.867
533.750 3.795
533.800 3.723
533.850 3.642
533.900 3.561
533.950 3.472
534.000 3.383
534.050 3.286
534.100 3.189
534.150 3.086
534.200 2.983
534.250 2.875
534.300 2.766
534.350 2.654
534.400 2.542
534.450 2.428
534.500 2.314
534.550 2.200
534.600 2.086
534.650 1.974
534.700 1.863
534.750 1.755
534.800 1.647
534.850 1.546
534.900 1.445
534.950 1.352
535.000 1.259
535.050 1.176
535.100 1.092
535.150 1.020
535.200 0.948
535.250 0.887
535.300 0.827
535.350 0.778
535.400 0.730
535.450 0.693
535.500 0.656
535.550 0.630
535.600 0.604
535.650 0.587
535.700 0.571
535.750 0.562
535.800 0.553
535.850 0.549
535.900 0.546
535.950 0.545
536.000 0.545
536.050 0.544
536.100 0.544
536.150 0.542
536.200 0.540
536.250 0.534
536.300 0.527
536.350 0.514
536.400 0.501
536.450 0.481
536.500 0.460
536.550 0.430
536.600 0.401
536.650 0.361
536.700 0.322
536.750 0.274
536.800 0.225
536.850 0.168
536.900 0.110
536.950 0.045
537.000 -0.020
537.050 -0.092
537.100 -0.163
537.150 -0.239
537.200 -0.314
537.250 -0.392
537.300 -0.471
537.350 -0.549
537.400 -0.628
537.450 -0.704
537.500 -0.781
537.550 -0.855
537.600 -0.929
537.650 -0.998
537.700 -1.067
537.750 -1.130
537.800 -1.193
537.850 -1.250
537.900 -1.307
537.950 -1.358
538.000 -1.409
538.050 -1.453
538.100 -1.497
538.150 -1.536
538.200 -1.575
538.250 -1.609
538.300 -1.643
538.350 -1.674
538.400 -1.704
538.450 -1.732
538.500 -1.760
538.550 -1.787
538.600 -1.813
538.650 -1.839
538.700 -1.866
538.750 -1.892
538.800 -1.918
538.850 -1.945
538.900 -1.972
538.950 -2.000
539.000 -2.027
539.050 -2.056
539.100 -2.084
539.150 -2.112
539.200 -2.140
539.250 -2.168
539.300 -2.195
539.350 -2.221
539.400 -2.247
539.450 -2.269
539.500 -2.292
539.550 -2.311
539.600 -2.329
539.650 -2.343
539.700 -2.356
539.750 -2.364
539.800 -2.371
539.850 -2.372
539.900 -2.373
539.950 -2.367
540.000 -2.361
540.050 -2.348
540.100 -2.335
540.150 -2.316
540.200 -2.296
540.250 -2.271
540.300 -2.246
540.350 -2.216
540.400 -2.187
540.450 -2.154
540.500 -2.121
540.550 -2.086
540.600 -2.052
540.650 -2.017
540.700 -1.982
540.750 -1.948
540.800 -1.915
540.850 -1.884
540.900 -1.853
540.950 -1.827
541.000 -1.800
541.050 -1.779
541.100 -1.758
541.150 -1.742
541.200 -1.727
541.250 -1.717
541.300 -1.708
541.350 -1.705
541.400 -1.702
541.450 -1.704
541.500 -1.707
541.550 -1.715
541.600 -1.723
541.650 -1.735
541.700 -1.747
541.750 -1.762
541.800 -1.777
541.850 -1.794
541.900 -1.811
541.950 -1.828
542.000 -1.846
542.050 -1.862
542.100 -1.878
542.150 -1.892
542.200 -1.906
542.250 -1.916
542.300 -1.927
542.350 -1.932
542.400 -1.937
542.450 -1.937
542.500 -1.936
542.550 -1.929
542.600 -1.922
542.650 -1.907
542.700 -1.893
542.750 -1.870
542.800 -1.848
542.850 -1.817
542.900 -1.787
542.950 -1.748
543.000 -1.709
543.050 -1.661
543.100 -1.613
543.150 -1.558
543.200 -1.502
543.250 -1.437
543.300 -1.373
543.350 -1.301
543.400 -1.229
543.450 -1.149
543.500 -1.069
543.550 -0.983
543.600 -0.896
543.650 -0.802
543.700 -0.709
543.750 -0.610
543.800 -0.511
543.850 -0.407
543.900 -0.303
543.950 -0.195
544.000 -0.086
544.050 0.025
544.100 0.136
544.150 0.249
544.200 0.362
544.250 0.476
544.300 0.590
544.350 0.703
544.400 0.817
544.450 0.929
544.500 1.040
544.550 1.149
544.600 1.258
544.650 1.363
544.700 1.468
544.750 1.568
544.800 1.668
544.850 1.762
544.900 1.856
544.950 1.943
545.000 2.031
545.050 2.111
545.100 2.191
545.150 2.264
545.200 2.336
545.250 2.401
545.300 2.466
545.350 2.523
545.400 2.580
545.450 2.629
545.500 2.679
545.550 2.720
545.600 2.762
545.650 2.796
545.700 2.831
545.750 2.858
545.800 2.886
545.850 2.906
545.900 2.927
545.950 2.941
546.000 2.954
546.050 2.962
546.100 2.969
546.150 2.971
546.200 2.972
546.250 2.966
546.300 2.961
546.350 2.949
546.400 2.937
546.450 2.918
546.500 2.899
546.550 2.874
546.600 2.848
546.650 2.815
546.700 2.783
546.750 2.743
546.800 2.703
546.850 2.656
546.900 2.609
546.950 2.554
547.000 2.500
547.050 2.439
547.100 2.378
547.150 2.311
547.200 2.244
547.250 2.171
547.300 2.098
547.350 2.021
547.400 1.943
547.450 1.862
547.500 1.781
547.550 1.697
547.600 1.613
547.650 1.528
547.700 1.443
547.750 1.358
547.800 1.273
547.850 1.189
547.900 1.105
547.950 1.023
548.000 0.941
548.050 0.862
548.100 0.783
548.150 0.708
548.200 0.633
548.250 0.562
548.300 0.491
548.350 0.424
548.400 0.357
548.450 0.295
548.500 0.233
548.550 0.174
548.600 0.116
548.650 0.061
548.700 0.006
548.750 -0.047
548.800 -0.099
548.850 -0.150
548.900 -0.200
548.950 -0.250
549.000 -0.299
549.050 -0.349
549.100 -0.398
549.150 -0.448
549.200 -0.498
549.250 -0.548
549.300 -0.599
549.350 -0.651
549.400 -0.703
549.450 -0.757
549.500 -0.810
549.550 -0.865
549.600 -0.920
549.650 -0.975
549.700 -1.030
549.750 -1.086
549.800 -1.141
549.850 -1.196
549.900 -1.250
549.950 -1.303
550.000 -1.356
550.050 -1.405
550.100 -1.454
550.150 -1.499
550.200 -1.544
550.250 -1.584
550.300 -1.623
550.350 -1.656
550.400 -1.689
550.450 -1.713
550.500 -1.738
550.550 -1.755
550.600 -1.771
550.650 -1.778
550.700 -1.785
550.750 -1.782
550.800 -1.779
550.850 -1.767
550.900 -1.754
550.950 -1.731
551.000 -1.709
551.050 -1.677
551.100 -1.644
551.150 -1.603
551.200 -1.561
551.250 -1.511
551.300 -1.461
551.350 -1.403
551.400 -1.344
551.450 -1.279
551.500 -1.213
551.550 -1.141
551.600 -1.069
551.650 -0.992
551.700 -0.915
551.750 -0.833
551.800 -0.751
551.850 -0.666
551.900 -0.581
551.950 -0.494
552.000 -0.406
552.050 -0.317
552.100 -0.229
552.150 -0.140
552.200 -0.051
552.250 0.037
552.300 0.125
552.350 0.210
552.400 0.296
552.450 0.379
552.500 0.461
552.550 0.539
552.600 0.617
552.650 0.689
552.700 0.762
552.750 0.827
552.800 0.893
552.850 0.951
552.900 1.010
552.950 1.059
553.000 1.109
553.050 1.149
553.100 1.190
553.150 1.221
553.200 1.252
553.250 1.273
553.300 1.294
553.350 1.305
553.400 1.316
553.450 1.318
553.500 1.319
553.550 1.311
553.600 1.303
553.650 1.287
553.700 1.270
553.750 1.246
553.800 1.222
553.850 1.191
553.900 1.159
553.950 1.123
554.000 1.086
554.050 1.044
554.100 1.003
554.150 0.958
554.200 0.913
554.250 0.865
554.300 0.817
554.350 0.768
554.400 0.719
554.450 0.668
554.500 0.618
554.550 0.567
554.600 0.516
554.650 0.464
554.700 0.413
554.750 0.361
554.800 0.309
554.850 0.257
554.900 0.205
554.950 0.153
555.000 0.100
555.050 0.047
555.100 -0.007
555.150 -0.062
555.200 -0.116
555.250 -0.173
555.300 -0.229
555.350 -0.287
555.400 -0.344
555.450 -0.404
555.500 -0.463
555.550 -0.524
555.600 -0.585
555.650 -0.646
555.700 -0.707
555.750 -0.769
555.800 -0.830
555.850 -0.890
555.900 -0.950
555.950 -1.007
556.000 -1.065
556.050 -1.118
556.100 -1.171
556.150 -1.218
556.200 -1.266
556.250 -1.305
556.300 -1.345
556.350 -1.376
556.400 -1.406
556.450 -1.425
556.500 -1.445
556.550 -1.452
556.600 -1.460
556.650 -1.454
556.700 -1.448
556.750 -1.428
556.800 -1.408
556.850 -1.374
556.900 -1.340
556.950 -1.292
557.000 -1.245
557.050 -1.184
557.100 -1.123
557.150 -1.049
557.200 -0.976
557.250 -0.893
557.300 -0.809
557.350 -0.716
557.400 -0.624
557.450 -0.524
557.500 -0.425
557.550 -0.322
557.600 -0.218
557.650 -0.112
557.700 -0.007
557.750 0.099
557.800 0.204
557.850 0.307
557.900 0.410
557.950 0.509
558.000 0.608
558.050 0.700
558.100 0.792
558.150 0.876
558.200 0.961
558.250 1.036
558.300 1.112
558.350 1.177
558.400 1.242
558.450 1.297
558.500 1.352
558.550 1.396
558.600 1.440
558.650 1.472
558.700 1.505
558.750 1.527
558.800 1.549
558.850 1.560
558.900 1.571
558.950 1.572
559.000 1.573
559.050 1.563
559.100 1.554
559.150 1.536
559.200 1.518
559.250 1.490
559.300 1.463
559.350 1.427
559.400 1.392
559.450 1.348
559.500 1.305
559.550 1.254
559.600 1.203
559.650 1.146
559.700 1.088
559.750 1.025
559.800 0.961
559.850 0.892
559.900 0.823
559.950 0.749
560.000 0.676
560.050 0.598
560.100 0.520
560.150 0.440
560.200 0.359
560.250 0.276
560.300 0.193
560.350 0.110
560.400 0.026
560.450 -0.058
560.500 -0.142
560.550 -0.225
560.600 -0.307
560.650 -0.388
560.700 -0.469
560.750 -0.546
560.800 -0.624
560.850 -0.697
560.900 -0.771
560.950 -0.840
561.000 -0.909
561.050 -0.972
561.100 -1.036
561.150 -1.094
561.200 -1.152
561.250 -1.204
561.300 -1.256
561.350 -1.302
561.400 -1.349
561.450 -1.389
561.500 -1.430
561.550 -1.465
561.600 -1.501
561.650 -1.532
561.700 -1.562
561.750 -1.589
561.800 -1.615
561.850 -1.639
561.900 -1.662
561.950 -1.682
562.000 -1.702
562.050 -1.720
562.100 -1.738
562.150 -1.754
562.200 -1.771
562.250 -1.785
562.300 -1.800
562.350 -1.814
562.400 -1.828
562.450 -1.841
562.500 -1.854
562.550 -1.865
562.600 -1.877
562.650 -1.888
562.700 -1.898
562.750 -1.907
562.800 -1.916
562.850 -1.923
562.900 -1.930
562.950 -1.935
563.000 -1.939
563.050 -1.941
563.100 -1.942
563.150 -1.940
563.200 -1.938
563.250 -1.932
563.300 -1.926
563.350 -1.916
563.400 -1.906
563.450 -1.891
563.500 -1.876
563.550 -1.856
563.600 -1.836
563.650 -1.812
563.700 -1.787
563.750 -1.757
563.800 -1.728
563.850 -1.694
563.900 -1.660
563.950 -1.621
564.000 -1.582
564.050 -1.540
564.100 -1.497
564.150 -1.451
564.200 -1.404
564.250 -1.355
564.300 -1.305
564.350 -1.252
564.400 -1.200
564.450 -1.145
564.500 -1.090
564.550 -1.032
564.600 -0.975
564.650 -0.916
564.700 -0.857
564.750 -0.796
564.800 -0.735
564.850 -0.673
564.900 -0.611
564.950 -0.547
565.000 -0.484
565.050 -0.419
565.100 -0.355
565.150 -0.290
565.200 -0.224
565.250 -0.158
565.300 -0.092
565.350 -0.026
565.400 0.041
565.450 0.107
565.500 0.174
565.550 0.241
565.600 0.308
565.650 0.375
565.700 0.441
565.750 0.507
565.800 0.573
565.850 0.639
565.900 0.704
565.950 0.768
566.000 0.832
566.050 0.894
566.100 0.957
566.150 1.017
566.200 1.078
566.250 1.136
566.300 1.194
566.350 1.250
566.400 1.306
566.450 1.360
566.500 1.413
566.550 1.464
566.600 1.515
566.650 1.563
566.700 1.611
566.750 1.656
566.800 1.702
566.850 1.745
566.900 1.788
566.950 1.829
567.000 1.870
567.050 1.909
567.100 1.947
567.150 1.984
567.200 2.021
567.250 2.056
567.300 2.091
567.350 2.125
567.400 2.159
567.450 2.191
567.500 2.223
567.550 2.253
567.600 2.283
567.650 2.312
567.700 2.341
567.750 2.367
567.800 2.394
567.850 2.418
567.900 2.442
567.950 2.464
568.000 2.485
568.050 2.503
568.100 2.521
568.150 2.536
568.200 2.550
568.250 2.560
568.300 2.570
568.350 2.575
568.400 2.580
568.450 2.580
568.500 2.579
568.550 2.574
568.600 2.568
568.650 2.556
568.700 2.545
568.750 2.527
568.800 2.510
568.850 2.487
568.900 2.465
568.950 2.437
569.000 2.409
569.050 2.377
569.100 2.344
569.150 2.308
569.200 2.272
569.250 2.233
569.300 2.194
569.350 2.153
569.400 2.112
569.450 2.070
569.500 2.028
569.550 1.987
569.600 1.945
569.650 1.904
569.700 1.864
569.750 1.826
569.800 1.787
569.850 1.752
569.900 1.716
569.950 1.684
570.000 1.651
570.050 1.623
570.100 1.594
570.150 1.569
570.200 1.544
570.250 1.523
570.300 1.501
570.350 1.482
570.400 1.464
570.450 1.448
570.500 1.431
570.550 1.416
570.600 1.401
570.650 1.386
570.700 1.371
570.750 1.354
570.800 1.338
570.850 1.319
570.900 1.301
570.950 1.278
571.000 1.255
571.050 1.227
571.100 1.199
571.150 1.165
571.200 1.131
571.250 1.089
571.300 1.048
571.350 0.998
571.400 0.948
571.450 0.890
571.500 0.831
571.550 0.764
571.600 0.697
571.650 0.621
571.700 0.545
571.750 0.461
571.800 0.377
571.850 0.285
571.900 0.194
571.950 0.095
572.000 -0.003
572.050 -0.107
572.100 -0.211
572.150 -0.318
572.200 -0.426
572.250 -0.537
572.300 -0.647
572.350 -0.758
572.400 -0.870
572.450 -0.981
572.500 -1.092
572.550 -1.200
572.600 -1.309
572.650 -1.415
572.700 -1.520
572.750 -1.621
572.800 -1.722
572.850 -1.817
572.900 -1.912
572.950 -2.000
573.000 -2.088
573.050 -2.169
573.100 -2.250
573.150 -2.323
573.200 -2.396
573.250 -2.461
573.300 -2.526
573.350 -2.583
573.400 -2.639
573.450 -2.687
573.500 -2.735
573.550 -2.775
573.600 -2.815
573.650 -2.847
573.700 -2.879
573.750 -2.903
573.800 -2.927
573.850 -2.943
573.900 -2.960
573.950 -2.969
574.000 -2.978
574.050 -2.979
574.100 -2.981
574.150 -2.976
574.200 -2.971
574.250 -2.960
574.300 -2.948
574.350 -2.930
574.400 -2.912
574.450 -2.888
574.500 -2.863
574.550 -2.833
574.600 -2.803
574.650 -2.768
574.700 -2.732
574.750 -2.692
574.800 -2.651
574.850 -2.606
574.900 -2.561
574.950 -2.512
575.000 -2.463
575.050 -2.411
575.100 -2.360
575.150 -2.305
575.200 -2.251
575.250 -2.196
575.300 -2.141
575.350 -2.085
575.400 -2.029
575.450 -1.974
575.500 -1.919
575.550 -1.866
575.600 -1.813
575.650 -1.762
575.700 -1.711
575.750 -1.663
575.800 -1.616
575.850 -1.572
575.900 -1.528
575.950 -1.488
576.000 -1.449
576.050 -1.413
576.100 -1.378
576.150 -1.346
576.200 -1.315
576.250 -1.287
576.300 -1.259
576.350 -1.233
576.400 -1.208
576.450 -1.185
576.500 -1.162
576.550 -1.139
576.600 -1.117
576.650 -1.094
576.700 -1.071
576.750 -1.047
576.800 -1.023
576.850 -0.996
576.900 -0.969
576.950 -0.938
577.000 -0.907
577.050 -0.872
577.100 -0.837
577.150 -0.797
577.200 -0.758
577.250 -0.713
577.300 -0.668
577.350 -0.619
577.400 -0.570
577.450 -0.517
577.500 -0.463
577.550 -0.407
577.600 -0.352
577.650 -0.294
577.700 -0.237
577.750 -0.180
577.800 -0.123
577.850 -0.069
577.900 -0.014
577.950 0.036
578.000 0.087
578.050 0.131
578.100 0.174
578.150 0.210
578.200 0.246
578.250 0.272
578.300 0.298
578.350 0.313
578.400 0.328
578.450 0.331
578.500 0.334
578.550 0.326
578.600 0.317
578.650 0.296
578.700 0.276
578.750 0.244
578.800 0.213
578.850 0.173
578.900 0.132
578.950 0.084
579.000 0.036
579.050 -0.017
579.100 -0.069
579.150 -0.124
579.200 -0.179
579.250 -0.234
579.300 -0.288
579.350 -0.339
579.400 -0.390
579.450 -0.434
579.500 -0.479
579.550 -0.514
579.600 -0.550
579.650 -0.575
579.700 -0.599
579.750 -0.611
579.800 -0.623
579.850 -0.620
579.900 -0.618
579.950 -0.602
580.000 -0.586
580.050 -0.555
580.100 -0.525
580.150 -0.481
580.200 -0.437
580.250 -0.381
580.300 -0.325
580.350 -0.259
580.400 -0.193
580.450 -0.119
580.500 -0.045
580.550 0.035
580.600 0.115
580.650 0.197
580.700 0.280
580.750 0.363
580.800 0.446
580.850 0.527
580.900 0.609
580.950 0.686
581.000 0.763
581.050 0.835
581.100 0.907
581.150 0.972
581.200 1.037
581.250 1.095
581.300 1.152
581.350 1.202
581.400 1.252
581.450 1.294
581.500 1.337
581.550 1.372
581.600 1.408
581.650 1.438
581.700 1.468
581.750 1.494
581.800 1.519
581.850 1.542
581.900 1.565
581.950 1.586
582.000 1.607
582.050 1.628
582.100 1.649
582.150 1.671
582.200 1.693
582.250 1.717
582.300 1.742
582.350 1.769
582.400 1.796
582.450 1.826
582.500 1.856
582.550 1.890
582.600 1.923
582.650 1.960
582.700 1.996
582.750 2.034
582.800 2.073
582.850 2.113
582.900 2.153
582.950 2.193
583.000 2.234
583.050 2.274
583.100 2.313
583.150 2.351
583.200 2.389
583.250 2.425
583.300 2.460
583.350 2.492
583.400 2.524
583.450 2.551
583.500 2.579
583.550 2.601
583.600 2.624
583.650 2.642
583.700 2.660
583.750 2.673
583.800 2.685
583.850 2.693
583.900 2.701
583.950 2.705
584.000 2.708
584.050 2.707
584.100 2.706
584.150 2.701
584.200 2.696
584.250 2.688
584.300 2.679
584.350 2.668
584.400 2.656
584.450 2.641
584.500 2.626
584.550 2.607
584.600 2.589
584.650 2.567
584.700 2.545
584.750 2.519
584.800 2.493
584.850 2.462
584.900 2.432
584.950 2.396
585.000 2.361
585.050 2.319
585.100 2.278
585.150 2.230
585.200 2.182
585.250 2.128
585.300 2.073
585.350 2.012
585.400 1.950
585.450 1.882
585.500 1.813
585.550 1.738
585.600 1.663
585.650 1.582
585.700 1.501
585.750 1.415
585.800 1.329
585.850 1.239
585.900 1.150
585.950 1.059
586.000 0.967
586.050 0.876
586.100 0.785
586.150 0.696
586.200 0.607
586.250 0.522
586.300 0.437
586.350 0.358
586.400 0.280
586.450 0.209
586.500 0.138
586.550 0.076
586.600 0.014
586.650 -0.037
586.700 -0.089
586.750 -0.129
586.800 -0.170
586.850 -0.199
586.900 -0.229
586.950 -0.248
587.000 -0.267
587.050 -0.277
587.100 -0.287
587.150 -0.289
587.200 -0.291
587.250 -0.287
587.300 -0.283
587.350 -0.275
587.400 -0.267
587.450 -0.258
587.500 -0.248
587.550 -0.240
587.600 -0.232
587.650 -0.227
587.700 -0.222
587.750 -0.223
587.800 -0.224
587.850 -0.233
587.900 -0.241
587.950 -0.258
588.000 -0.276
588.050 -0.303
588.100 -0.330
588.150 -0.368
588.200 -0.406
588.250 -0.454
588.300 -0.502
588.350 -0.559
588.400 -0.617
588.450 -0.684
588.500 -0.751
588.550 -0.825
588.600 -0.899
588.650 -0.978
588.700 -1.058
588.750 -1.142
588.800 -1.226
588.850 -1.312
588.900 -1.398
588.950 -1.484
589.000 -1.571
589.050 -1.656
589.100 -1.741
589.150 -1.824
589.200 -1.907
589.250 -1.986
589.300 -2.065
589.350 -2.140
589.400 -2.214
589.450 -2.285
589.500 -2.355
589.550 -2.421
589.600 -2.487
589.650 -2.549
589.700 -2.610
589.750 -2.668
589.800 -2.727
589.850 -2.782
589.900 -2.838
589.950 -2.891
590.000 -2.945
590.050 -2.997
590.100 -3.049
590.150 -3.101
590.200 -3.153
590.250 -3.205
590.300 -3.257
590.350 -3.310
590.400 -3.362
590.450 -3.415
590.500 -3.468
590.550 -3.520
590.600 -3.573
590.650 -3.625
590.700 -3.677
590.750 -3.728
590.800 -3.778
590.850 -3.826
590.900 -3.874
590.950 -3.917
591.000 -3.961
591.050 -3.999
591.100 -4.037
591.150 -4.068
591.200 -4.099
591.250 -4.121
591.300 -4.144
591.350 -4.156
591.400 -4.168
591.450 -4.170
591.500 -4.171
591.550 -4.161
591.600 -4.151
591.650 -4.128
591.700 -4.105
591.750 -4.069
591.800 -4.034
591.850 -3.985
591.900 -3.937
591.950 -3.876
592.000 -3.816
592.050 -3.744
592.100 -3.671
592.150 -3.588
592.200 -3.505
592.250 -3.412
592.300 -3.319
592.350 -3.218
592.400 -3.117
592.450 -3.008
592.500 -2.900
592.550 -2.785
592.600 -2.671
592.650 -2.552
592.700 -2.433
592.750 -2.311
592.800 -2.189
592.850 -2.065
592.900 -1.941
592.950 -1.817
593.000 -1.692
593.050 -1.568
593.100 -1.443
593.150 -1.320
593.200 -1.197
593.250 -1.076
593.300 -0.955
593.350 -0.837
593.400 -0.719
593.450 -0.605
593.500 -0.490
593.550 -0.380
593.600 -0.269
593.650 -0.163
593.700 -0.057
593.750 0.044
593.800 0.146
593.850 0.242
593.900 0.338
593.950 0.429
594.000 0.520
594.050 0.606
594.100 0.692
594.150 0.773
594.200 0.854
594.250 0.931
594.300 1.007
594.350 1.079
594.400 1.151
594.450 1.218
594.500 1.286
594.550 1.351
594.600 1.415
594.650 1.477
594.700 1.538
594.750 1.598
594.800 1.658
594.850 1.716
594.900 1.774
594.950 1.831
595.000 1.888
595.050 1.945
595.100 2.002
595.150 2.060
595.200 2.117
595.250 2.175
595.300 2.233
595.350 2.291
595.400 2.350
595.450 2.409
595.500 2.468
595.550 2.528
595.600 2.588
595.650 2.648
595.700 2.708
595.750 2.767
595.800 2.827
595.850 2.885
595.900 2.944
595.950 3.000
596.000 3.057
596.050 3.111
596.100 3.165
596.150 3.215
596.200 3.266
596.250 3.312
596.300 3.359
596.350 3.400
596.400 3.442
596.450 3.478
596.500 3.515
596.550 3.546
596.600 3.577
596.650 3.602
596.700 3.627
596.750 3.647
596.800 3.667
596.850 3.681
596.900 3.695
596.950 3.705
597.000 3.714
597.050 3.719
597.100 3.724
597.150 3.725
597.200 3.725
597.250 3.722
597.300 3.719
597.350 3.713
597.400 3.707
597.450 3.697
597.500 3.688
597.550 3.675
597.600 3.663
597.650 3.647
597.700 3.631
597.750 3.611
597.800 3.592
597.850 3.568
597.900 3.545
597.950 3.516
598.000 3.488
598.050 3.454
598.100 3.420
598.150 3.380
598.200 3.340
598.250 3.292
598.300 3.245
598.350 3.190
598.400 3.135
598.450 3.072
598.500 3.009
598.550 2.937
598.600 2.866
598.650 2.786
598.700 2.707
598.750 2.620
598.800 2.533
598.850 2.439
598.900 2.345
598.950 2.246
599.000 2.146
599.050 2.043
599.100 1.940
599.150 1.834
599.200 1.728
599.250 1.622
599.300 1.516
599.350 1.411
599.400 1.306
599.450 1.204
599.500 1.103
599.550 1.006
599.600 0.909
599.650 0.818
599.700 0.728
599.750 0.644
599.800 0.560
599.850 0.484
599.900 0.408
599.950 0.340
600.000 0.272
600.050 0.211
600.100 0.151
600.150 0.097
600.200 0.042
600.250 -0.006
600.300 -0.055
600.350 -0.100
600.400 -0.145
600.450 -0.188
600.500 -0.231
600.550 -0.273
600.600 -0.316
600.650 -0.359
600.700 -0.403
600.750 -0.450
600.800 -0.497
600.850 -0.549
600.900 -0.600
600.950 -0.657
601.000 -0.714
601.050 -0.777
601.100 -0.840
601.150 -0.910
601.200 -0.979
601.250 -1.055
601.300 -1.130
601.350 -1.211
601.400 -1.292
601.450 -1.378
601.500 -1.463
601.550 -1.552
601.600 -1.640
601.650 -1.730
601.700 -1.820
601.750 -1.910
601.800 -1.999
601.850 -2.087
601.900 -2.175
601.950 -2.259
602.000 -2.344
602.050 -2.423
602.100 -2.503
602.150 -2.576
602.200 -2.649
602.250 -2.716
602.300 -2.782
602.350 -2.840
602.400 -2.899
602.450 -2.949
602.500 -3.000
602.550 -3.042
602.600 -3.084
602.650 -3.118
602.700 -3.152
602.750 -3.178
602.800 -3.204
602.850 -3.223
602.900 -3.241
602.950 -3.252
603.000 -3.262
603.050 -3.266
603.100 -3.269
603.150 -3.265
603.200 -3.261
603.250 -3.250
603.300 -3.239
603.350 -3.220
603.400 -3.201
603.450 -3.175
603.500 -3.148
603.550 -3.113
603.600 -3.078
603.650 -3.035
603.700 -2.991
603.750 -2.938
603.800 -2.886
603.850 -2.824
603.900 -2.762
603.950 -2.691
604.000 -2.619
604.050 -2.539
604.100 -2.459
604.150 -2.370
604.200 -2.281
604.250 -2.184
604.300 -2.087
604.350 -1.984
604.400 -1.881
604.450 -1.773
604.500 -1.665
604.550 -1.554
604.600 -1.443
604.650 -1.332
604.700 -1.220
604.750 -1.110
604.800 -0.999
604.850 -0.893
604.900 -0.786
604.950 -0.686
605.000 -0.585
605.050 -0.493
605.100 -0.400
605.150 -0.317
605.200 -0.234
605.250 -0.161
605.300 -0.089
605.350 -0.029
605.400 0.032
605.450 0.080
605.500 0.129
605.550 0.166
605.600 0.202
605.650 0.228
605.700 0.253
605.750 0.268
605.800 0.283
605.850 0.289
605.900 0.295
605.950 0.293
606.000 0.291
606.050 0.283
606.100 0.276
606.150 0.263
606.200 0.251
606.250 0.235
606.300 0.219
606.350 0.202
606.400 0.184
606.450 0.165
606.500 0.145
606.550 0.125
606.600 0.105
606.650 0.084
606.700 0.063
606.750 0.041
606.800 0.019
606.850 -0.005
606.900 -0.028
606.950 -0.054
607.000 -0.080
607.050 -0.109
607.100 -0.138
607.150 -0.171
607.200 -0.204
607.250 -0.240
607.300 -0.277
607.350 -0.319
607.400 -0.360
607.450 -0.405
607.500 -0.451
607.550 -0.500
607.600 -0.550
607.650 -0.602
607.700 -0.654
607.750 -0.707
607.800 -0.761
607.850 -0.813
607.900 -0.866
607.950 -0.915
608.000 -0.964
608.050 -1.008
608.100 -1.052
608.150 -1.087
608.200 -1.123
608.250 -1.147
608.300 -1.171
608.350 -1.182
608.400 -1.193
608.450 -1.188
608.500 -1.183
608.550 -1.161
608.600 -1.139
608.650 -1.098
608.700 -1.057
608.750 -0.998
608.800 -0.938
608.850 -0.860
608.900 -0.782
608.950 -0.686
609.000 -0.591
609.050 -0.479
609.100 -0.368
609.150 -0.243
609.200 -0.118
609.250 0.017
609.300 0.152
609.350 0.294
609.400 0.436
609.450 0.582
609.500 0.728
609.550 0.874
609.600 1.020
609.650 1.162
609.700 1.304
609.750 1.439
609.800 1.574
609.850 1.699
609.900 1.823
609.950 1.936
610.000 2.048
610.050 2.145
610.100 2.243
610.150 2.324
610.200 2.405
610.250 2.469
610.300 2.534
610.350 2.581
610.400 2.628
610.450 2.658
610.500 2.688
610.550 2.702
610.600 2.717
610.650 2.716
610.700 2.716
610.750 2.702
610.800 2.688
610.850 2.663
610.900 2.638
610.950 2.604
611.000 2.569
611.050 2.528
611.100 2.486
611.150 2.440
611.200 2.393
611.250 2.343
611.300 2.293
611.350 2.241
611.400 2.190
611.450 2.138
611.500 2.087
611.550 2.037
611.600 1.988
611.650 1.940
611.700 1.893
611.750 1.850
611.800 1.806
611.850 1.767
611.900 1.728
611.950 1.693
612.000 1.658
612.050 1.628
612.100 1.598
612.150 1.573
612.200 1.547
612.250 1.526
612.300 1.505
612.350 1.487
612.400 1.469
612.450 1.453
612.500 1.438
612.550 1.424
612.600 1.411
612.650 1.397
612.700 1.384
612.750 1.370
612.800 1.356
612.850 1.339
612.900 1.322
612.950 1.302
613.000 1.282
613.050 1.257
613.100 1.231
613.150 1.200
613.200 1.168
613.250 1.129
613.300 1.090
613.350 1.043
613.400 0.996
613.450 0.940
613.500 0.885
613.550 0.821
613.600 0.756
613.650 0.684
613.700 0.611
613.750 0.531
613.800 0.451
613.850 0.364
613.900 0.277
613.950 0.185
614.000 0.093
614.050 -0.002
614.100 -0.097
614.150 -0.194
614.200 -0.291
614.250 -0.387
614.300 -0.482
614.350 -0.575
614.400 -0.668
614.450 -0.757
614.500 -0.845
614.550 -0.926
614.600 -1.007
614.650 -1.080
614.700 -1.153
614.750 -1.217
614.800 -1.280
614.850 -1.333
614.900 -1.387
614.950 -1.429
615.000 -1.472
615.050 -1.505
615.100 -1.538
615.150 -1.561
615.200 -1.585
615.250 -1.600
615.300 -1.615
615.350 -1.624
615.400 -1.632
615.450 -1.636
615.500 -1.640
615.550 -1.640
615.600 -1.641
615.650 -1.640
615.700 -1.639
615.750 -1.638
615.800 -1.637
615.850 -1.638
615.900 -1.639
615.950 -1.642
616.000 -1.645
616.050 -1.652
616.100 -1.658
616.150 -1.667
616.200 -1.676
616.250 -1.688
616.300 -1.700
616.350 -1.713
616.400 -1.726
616.450 -1.740
616.500 -1.753
616.550 -1.766
616.600 -1.778
616.650 -1.787
616.700 -1.796
616.750 -1.800
616.800 -1.804
616.850 -1.801
616.900 -1.799
616.950 -1.788
617.000 -1.777
617.050 -1.757
617.100 -1.736
617.150 -1.706
617.200 -1.675
617.250 -1.634
617.300 -1.593
617.350 -1.542
617.400 -1.491
617.450 -1.431
617.500 -1.371
617.550 -1.302
617.600 -1.234
617.650 -1.160
617.700 -1.085
617.750 -1.006
617.800 -0.927
617.850 -0.846
617.900 -0.765
617.950 -0.684
618.000 -0.604
618.050 -0.525
618.100 -0.446
618.150 -0.372
618.200 -0.298
618.250 -0.229
618.300 -0.161
618.350 -0.099
618.400 -0.038
618.450 0.016
618.500 0.070
618.550 0.116
618.600 0.162
618.650 0.201
618.700 0.239
618.750 0.271
618.800 0.303
618.850 0.329
618.900 0.355
618.950 0.377
619.000 0.399
619.050 0.419
619.100 0.438
619.150 0.457
619.200 0.476
619.250 0.496
619.300 0.515
619.350 0.537
619.400 0.559
619.450 0.585
619.500 0.610
619.550 0.640
619.600 0.670
619.650 0.704
619.700 0.739
619.750 0.778
619.800 0.817
619.850 0.861
619.900 0.904
619.950 0.951
620.000 0.998
620.050 1.047
620.100 1.096
620.150 1.146
620.200 1.196
620.250 1.245
620.300 1.294
620.350 1.340
620.400 1.386
620.450 1.428
620.500 1.470
620.550 1.506
620.600 1.542
620.650 1.570
620.700 1.599
620.750 1.618
620.800 1.638
620.850 1.648
620.900 1.658
620.950 1.658
621.000 1.658
621.050 1.647
621.100 1.637
621.150 1.615
621.200 1.594
621.250 1.563
621.300 1.531
621.350 1.490
621.400 1.449
621.450 1.399
621.500 1.349
621.550 1.292
621.600 1.234
621.650 1.170
621.700 1.105
621.750 1.035
621.800 0.965
621.850 0.891
621.900 0.817
621.950 0.740
622.000 0.662
622.050 0.583
622.100 0.504
622.150 0.423
622.200 0.343
622.250 0.263
622.300 0.184
622.350 0.105
622.400 0.026
622.450 -0.050
622.500 -0.127
622.550 -0.201
622.600 -0.275
622.650 -0.345
622.700 -0.415
622.750 -0.481
622.800 -0.547
622.850 -0.608
622.900 -0.669
622.950 -0.725
623.000 -0.781
623.050 -0.831
623.100 -0.882
623.150 -0.926
623.200 -0.971
623.250 -1.009
623.300 -1.048
623.350 -1.080
623.400 -1.112
623.450 -1.139
623.500 -1.165
623.550 -1.185
623.600 -1.205
623.650 -1.219
623.700 -1.233
623.750 -1.241
623.800 -1.249
623.850 -1.252
623.900 -1.254
623.950 -1.251
624.000 -1.248
624.050 -1.240
624.100 -1.232
624.150 -1.218
624.200 -1.205
624.250 -1.187
624.300 -1.169
624.350 -1.146
624.400 -1.123
624.450 -1.095
624.500 -1.068
624.550 -1.036
624.600 -1.004
624.650 -0.967
624.700 -0.931
624.750 -0.890
624.800 -0.849
624.850 -0.804
624.900 -0.759
624.950 -0.709
625.000 -0.660
625.050 -0.607
625.100 -0.553
625.150 -0.497
625.200 -0.440
625.250 -0.380
625.300 -0.321
625.350 -0.258
625.400 -0.196
625.450 -0.133
625.500 -0.069
625.550 -0.005
625.600 0.059
625.650 0.123
625.700 0.186
625.750 0.248
625.800 0.309
625.850 0.368
625.900 0.426
625.950 0.480
626.000 0.534
626.050 0.582
626.100 0.630
626.150 0.671
626.200 0.712
626.250 0.745
626.300 0.778
626.350 0.801
626.400 0.825
626.450 0.839
626.500 0.853
626.550 0.857
626.600 0.861
626.650 0.854
626.700 0.848
626.750 0.832
626.800 0.815
626.850 0.790
626.900 0.764
626.950 0.730
627.000 0.696
627.050 0.654
627.100 0.612
627.150 0.564
627.200 0.516
627.250 0.463
627.300 0.410
627.350 0.354
627.400 0.297
627.450 0.238
627.500 0.179
627.550 0.119
627.600 0.059
627.650 -0.001
627.700 -0.061
627.750 -0.121
627.800 -0.180
627.850 -0.238
627.900 -0.296
627.950 -0.351
628.000 -0.407
628.050 -0.460
628.100 -0.514
628.150 -0.565
628.200 -0.616
628.250 -0.664
628.300 -0.712
628.350 -0.758
628.400 -0.804
628.450 -0.848
628.500 -0.891
628.550 -0.932
628.600 -0.974
628.650 -1.012
628.700 -1.051
628.750 -1.087
628.800 -1.123
628.850 -1.157
628.900 -1.190
628.950 -1.220
629.000 -1.250
629.050 -1.275
629.100 -1.301
629.150 -1.322
629.200 -1.342
629.250 -1.357
629.300 -1.372
629.350 -1.379
629.400 -1.387
629.450 -1.386
629.500 -1.386
629.550 -1.376
629.600 -1.366
629.650 -1.347
629.700 -1.327
629.750 -1.296
629.800 -1.266
629.850 -1.224
629.900 -1.182
629.950 -1.129
630.000 -1.076
630.050 -1.012
630.100 -0.947
630.150 -0.872
630.200 -0.797
630.250 -0.712
630.300 -0.627
630.350 -0.533
630.400 -0.439
630.450 -0.338
630.500 -0.237
630.550 -0.131
630.600 -0.025
630.650 0.085
630.700 0.195
630.750 0.307
630.800 0.418
630.850 0.529
630.900 0.640
630.950 0.748
631.000 0.856
631.050 0.959
631.100 1.062
631.150 1.158
631.200 1.255
631.250 1.343
631.300 1.430
631.350 1.508
631.400 1.586
631.450 1.653
631.500 1.720
631.550 1.774
631.600 1.829
631.650 1.871
631.700 1.913
631.750 1.942
631.800 1.971
631.850 1.988
631.900 2.004
631.950 2.007
632.000 2.011
632.050 2.003
632.100 1.994
632.150 1.975
632.200 1.955
632.250 1.926
632.300 1.896
632.350 1.858
632.400 1.820
632.450 1.774
632.500 1.728
632.550 1.676
632.600 1.624
632.650 1.568
632.700 1.511
632.750 1.452
632.800 1.393
632.850 1.333
632.900 1.272
632.950 1.212
633.000 1.152
633.050 1.094
633.100 1.035
633.150 0.980
633.200 0.925
633.250 0.873
633.300 0.822
633.350 0.776
633.400 0.730
633.450 0.689
633.500 0.649
633.550 0.615
633.600 0.581
633.650 0.554
633.700 0.526
633.750 0.505
633.800 0.484
633.850 0.469
633.900 0.455
633.950 0.445
634.000 0.436
634.050 0.433
634.100 0.429
634.150 0.429
634.200 0.429
634.250 0.433
634.300 0.436
634.350 0.442
634.400 0.448
634.450 0.455
634.500 0.463
634.550 0.470
634.600 0.478
634.650 0.485
634.700 0.492
634.750 0.497
634.800 0.503
634.850 0.507
634.900 0.511
634.950 0.513
635.000 0.515
635.050 0.515
635.100 0.514
635.150 0.511
635.200 0.509
635.250 0.503
635.300 0.498
635.350 0.492
635.400 0.485
635.450 0.476
635.500 0.467
635.550 0.458
635.600 0.448
635.650 0.437
635.700 0.426
635.750 0.414
635.800 0.403
635.850 0.391
635.900 0.378
635.950 0.366
636.000 0.353
636.050 0.339
636.100 0.325
636.150 0.310
636.200 0.295
636.250 0.278
636.300 0.262
636.350 0.242
636.400 0.223
636.450 0.200
636.500 0.177
636.550 0.149
636.600 0.122
636.650 0.090
636.700 0.057
636.750 0.019
636.800 -0.020
636.850 -0.065
636.900 -0.111
636.950 -0.163
637.000 -0.216
637.050 -0.276
637.100 -0.336
637.150 -0.404
637.200 -0.472
637.250 -0.547
637.300 -0.623
637.350 -0.705
637.400 -0.787
637.450 -0.874
637.500 -0.962
637.550 -1.055
637.600 -1.148
637.650 -1.244
637.700 -1.340
637.750 -1.438
637.800 -1.536
637.850 -1.634
637.900 -1.732
637.950 -1.829
638.000 -1.927
638.050 -2.021
638.100 -2.115
638.150 -2.205
638.200 -2.295
638.250 -2.379
638.300 -2.463
638.350 -2.540
638.400 -2.618
638.450 -2.687
638.500 -2.757
638.550 -2.818
638.600 -2.880
638.650 -2.933
638.700 -2.985
638.750 -3.029
638.800 -3.073
638.850 -3.108
638.900 -3.143
638.950 -3.170
639.000 -3.197
639.050 -3.215
639.100 -3.233
639.150 -3.244
639.200 -3.254
639.250 -3.258
639.300 -3.261
639.350 -3.257
639.400 -3.253
639.450 -3.243
639.500 -3.232
639.550 -3.215
639.600 -3.198
639.650 -3.175
639.700 -3.152
639.750 -3.122
639.800 -3.093
639.850 -3.057
639.900 -3.021
639.950 -2.978
640.000 -2.936
640.050 -2.886
640.100 -2.837
640.150 -2.780
640.200 -2.723
640.250 -2.658
640.300 -2.594
640.350 -2.521
640.400 -2.449
640.450 -2.368
640.500 -2.287
640.550 -2.198
640.600 -2.109
640.650 -2.011
640.700 -1.913
640.750 -1.806
640.800 -1.700
640.850 -1.585
640.900 -1.470
640.950 -1.347
641.000 -1.224
641.050 -1.094
641.100 -0.964
641.150 -0.827
641.200 -0.690
641.250 -0.548
641.300 -0.405
641.350 -0.258
641.400 -0.111
641.450 0.039
641.500 0.190
641.550 0.342
641.600 0.494
641.650 0.647
641.700 0.800
641.750 0.952
641.800 1.105
641.850 1.254
641.900 1.404
641.950 1.550
642.000 1.696
642.050 1.836
642.100 1.977
642.150 2.111
642.200 2.245
642.250 2.371
642.300 2.497
642.350 2.614
642.400 2.731
642.450 2.839
642.500 2.946
642.550 3.043
642.600 3.140
642.650 3.226
642.700 3.312
642.750 3.387
642.800 3.462
642.850 3.526
642.900 3.589
642.950 3.642
643.000 3.695
643.050 3.738
643.100 3.780
643.150 3.813
643.200 3.845
643.250 3.869
643.300 3.893
643.350 3.908
643.400 3.924
643.450 3.932
643.500 3.941
643.550 3.943
643.600 3.945
643.650 3.942
643.700 3.940
643.750 3.932
643.800 3.925
643.850 3.915
643.900 3.904
643.950 3.890
644.000 3.876
644.050 3.860
644.100 3.843
644.150 3.824
644.200 3.805
644.250 3.784
644.300 3.762
644.350 3.738
644.400 3.714
644.450 3.686
644.500 3.658
644.550 3.627
644.600 3.595
644.650 3.559
644.700 3.523
644.750 3.482
644.800 3.441
644.850 3.394
644.900 3.347
644.950 3.294
645.000 3.241
645.050 3.181
645.100 3.121
645.150 3.054
645.200 2.988
645.250 2.914
645.300 2.841
645.350 2.761
645.400 2.681
645.450 2.595
645.500 2.509
645.550 2.417
645.600 2.325
645.650 2.228
645.700 2.132
645.750 2.031
645.800 1.931
645.850 1.827
645.900 1.723
645.950 1.618
646.000 1.512
646.050 1.404
646.100 1.297
646.150 1.189
646.200 1.080
646.250 0.972
646.300 0.863
646.350 0.754
646.400 0.645
646.450 0.536
646.500 0.427
646.550 0.317
646.600 0.208
646.650 0.097
646.700 -0.013
646.750 -0.125
646.800 -0.237
646.850 -0.351
646.900 -0.465
646.950 -0.581
647.000 -0.697
647.050 -0.816
647.100 -0.936
647.150 -1.058
647.200 -1.181
647.250 -1.306
647.300 -1.432
647.350 -1.561
647.400 -1.690
647.450 -1.821
647.500 -1.952
647.550 -2.084
647.600 -2.216
647.650 -2.349
647.700 -2.481
647.750 -2.611
647.800 -2.742
647.850 -2.869
647.900 -2.995
647.950 -3.116
648.000 -3.237
648.050 -3.350
648.100 -3.463
648.150 -3.566
648.200 -3.668
648.250 -3.759
648.300 -3.849
648.350 -3.925
648.400 -4.002
648.450 -4.062
648.500 -4.123
648.550 -4.168
648.600 -4.212
648.650 -4.239
648.700 -4.267
648.750 -4.277
648.800 -4.288
648.850 -4.282
648.900 -4.276
648.950 -4.255
649.000 -4.233
649.050 -4.198
649.100 -4.163
649.150 -4.116
649.200 -4.069
649.250 -4.012
649.300 -3.955
649.350 -3.890
649.400 -3.825
649.450 -3.755
649.500 -3.685
649.550 -3.611
649.600 -3.537
649.650 -3.462
649.700 -3.386
649.750 -3.311
649.800 -3.235
649.850 -3.161
649.900 -3.087
649.950 -3.014
650.000 -2.942
650.050 -2.872
650.100 -2.802
650.150 -2.734
650.200 -2.666
650.250 -2.600
650.300 -2.534
650.350 -2.469
650.400 -2.404
650.450 -2.339
650.500 -2.275
650.550 -2.209
650.600 -2.143
650.650 -2.076
650.700 -2.008
650.750 -1.937
650.800 -1.867
650.850 -1.793
650.900 -1.718
650.950 -1.640
651.000 -1.561
651.050 -1.478
651.100 -1.396
651.150 -1.308
651.200 -1.221
651.250 -1.130
651.300 -1.038
651.350 -0.944
651.400 -0.849
651.450 -0.753
651.500 -0.657
651.550 -0.560
651.600 -0.462
651.650 -0.366
651.700 -0.270
651.750 -0.176
651.800 -0.083
651.850 0.007
651.900 0.096
651.950 0.180
652.000 0.263
652.050 0.339
652.100 0.416
652.150 0.483
652.200 0.551
652.250 0.608
652.300 0.666
652.350 0.713
652.400 0.760
652.450 0.796
652.500 0.832
652.550 0.857
652.600 0.881
652.650 0.895
652.700 0.909
652.750 0.912
652.800 0.915
652.850 0.909
652.900 0.902
652.950 0.887
653.000 0.872
653.050 0.849
653.100 0.826
653.150 0.797
653.200 0.768
653.250 0.735
653.300 0.702
653.350 0.666
653.400 0.630
653.450 0.593
653.500 0.556
653.550 0.519
653.600 0.483
653.650 0.449
653.700 0.415
653.750 0.385
653.800 0.355
653.850 0.331
653.900 0.307
653.950 0.290
654.000 0.272
654.050 0.263
654.100 0.254
654.150 0.254
654.200 0.254
654.250 0.264
654.300 0.273
654.350 0.293
654.400 0.313
654.450 0.344
654.500 0.374
654.550 0.414
654.600 0.454
654.650 0.504
654.700 0.554
654.750 0.612
654.800 0.670
654.850 0.736
654.900 0.801
654.950 0.873
655.000 0.945
655.050 1.021
655.100 1.097
655.150 1.175
655.200 1.254
655.250 1.333
655.300 1.412
655.350 1.490
655.400 1.568
655.450 1.643
655.500 1.718
655.550 1.788
655.600 1.858
655.650 1.922
655.700 1.986
655.750 2.043
655.800 2.100
655.850 2.149
655.900 2.198
655.950 2.239
656.000 2.280
656.050 2.312
656.100 2.344
656.150 2.368
656.200 2.392
656.250 2.409
656.300 2.425
656.350 2.435
656.400 2.445
656.450 2.450
656.500 2.455
656.550 2.456
656.600 2.456
656.650 2.455
656.700 2.453
656.750 2.449
656.800 2.446
656.850 2.443
656.900 2.439
656.950 2.437
657.000 2.434
657.050 2.433
657.100 2.432
657.150 2.433
657.200 2.434
657.250 2.438
657.300 2.441
657.350 2.447
657.400 2.452
657.450 2.459
657.500 2.467
657.550 2.475
657.600 2.483
657.650 2.491
657.700 2.499
657.750 2.507
657.800 2.514
657.850 2.520
657.900 2.525
657.950 2.527
658.000 2.530
658.050 2.528
658.100 2.527
658.150 2.520
658.200 2.514
658.250 2.502
658.300 2.491
658.350 2.474
658.400 2.456
658.450 2.433
658.500 2.410
658.550 2.382
658.600 2.353
658.650 2.319
658.700 2.285
658.750 2.246
658.800 2.207
658.850 2.164
658.900 2.121
658.950 2.075
659.000 2.028
659.050 1.978
659.100 1.929
659.150 1.877
659.200 1.825
659.250 1.771
659.300 1.717
659.350 1.662
659.400 1.607
659.450 1.550
659.500 1.494
659.550 1.436
659.600 1.378
659.650 1.318
659.700 1.259
659.750 1.197
659.800 1.135
659.850 1.071
659.900 1.008
659.950 0.941
660.000 0.874
660.050 0.803
660.100 0.732
660.150 0.657
660.200 0.582
660.250 0.503
660.300 0.423
660.350 0.338
660.400 0.254
660.450 0.163
660.500 0.073
660.550 -0.022
660.600 -0.118
660.650 -0.219
660.700 -0.320
660.750 -0.425
660.800 -0.531
660.850 -0.642
660.900 -0.752
660.950 -0.866
661.000 -0.980
661.050 -1.096
661.100 -1.213
661.150 -1.332
661.200 -1.451
661.250 -1.570
661.300 -1.690
661.350 -1.810
661.400 -1.929
661.450 -2.048
661.500 -2.166
661.550 -2.283
661.600 -2.399
661.650 -2.512
661.700 -2.626
661.750 -2.736
661.800 -2.845
661.850 -2.950
661.900 -3.055
661.950 -3.155
662.000 -3.255
662.050 -3.349
662.100 -3.444
662.150 -3.532
662.200 -3.620
662.250 -3.701
662.300 -3.782
662.350 -3.856
662.400 -3.930
662.450 -3.997
662.500 -4.063
662.550 -4.122
662.600 -4.180
662.650 -4.231
662.700 -4.281
662.750 -4.323
662.800 -4.365
662.850 -4.398
662.900 -4.431
662.950 -4.454
663.000 -4.478
663.050 -4.492
663.100 -4.506
663.150 -4.511
663.200 -4.515
663.250 -4.510
663.300 -4.505
663.350 -4.490
663.400 -4.475
663.450 -4.451
663.500 -4.427
663.550 -4.393
663.600 -4.359
663.650 -4.317
663.700 -4.274
663.750 -4.223
663.800 -4.172
663.850 -4.114
663.900 -4.055
663.950 -3.989
664.000 -3.923
664.050 -3.851
664.100 -3.778
664.150 -3.700
664.200 -3.623
664.250 -3.540
664.300 -3.457
664.350 -3.370
664.400 -3.283
664.450 -3.193
664.500 -3.103
664.550 -3.010
664.600 -2.917
664.650 -2.822
664.700 -2.727
664.750 -2.630
664.800 -2.534
664.850 -2.436
664.900 -2.338
664.950 -2.238
665.000 -2.139
665.050 -2.039
665.100 -1.939
665.150 -1.838
665.200 -1.737
665.250 -1.635
665.300 -1.533
665.350 -1.431
665.400 -1.328
665.450 -1.224
665.500 -1.121
665.550 -1.016
665.600 -0.912
665.650 -0.806
665.700 -0.700
665.750 -0.593
665.800 -0.487
665.850 -0.379
665.900 -0.271
665.950 -0.161
666.000 -0.052
666.050 0.058
666.100 0.169
666.150 0.281
666.200 0.393
666.250 0.506
666.300 0.619
666.350 0.733
666.400 0.847
666.450 0.963
666.500 1.078
666.550 1.195
666.600 1.311
666.650 1.429
666.700 1.546
666.750 1.664
666.800 1.782
666.850 1.900
666.900 2.019
666.950 2.137
667.000 2.255
667.050 2.373
667.100 2.491
667.150 2.608
667.200 2.725
667.250 2.839
667.300 2.954
667.350 3.067
667.400 3.179
667.450 3.287
667.500 3.396
667.550 3.499
667.600 3.603
667.650 3.701
667.700 3.798
667.750 3.888
667.800 3.978
667.850 4.060
667.900 4.141
667.950 4.213
668.000 4.284
668.050 4.344
668.100 4.404
668.150 4.451
668.200 4.498
668.250 4.531
668.300 4.564
668.350 4.583
668.400 4.601
668.450 4.604
668.500 4.607
668.550 4.594
668.600 4.580
668.650 4.551
668.700 4.521
668.750 4.475
668.800 4.429
668.850 4.367
668.900 4.305
668.950 4.228
669.000 4.151
669.050 4.059
669.100 3.967
669.150 3.861
669.200 3.756
669.250 3.639
669.300 3.521
669.350 3.393
669.400 3.264
669.450 3.127
669.500 2.989
669.550 2.844
669.600 2.700
669.650 2.549
669.700 2.398
669.750 2.243
669.800 2.089
669.850 1.932
669.900 1.775
669.950 1.617
670.000 1.460
670.050 1.304
670.100 1.147
670.150 0.994
670.200 0.840
670.250 0.690
670.300 0.541
670.350 0.397
670.400 0.253
670.450 0.116
670.500 -0.021
670.550 -0.150
670.600 -0.279
670.650 -0.399
670.700 -0.519
670.750 -0.629
670.800 -0.739
670.850 -0.838
670.900 -0.938
670.950 -1.026
671.000 -1.115
671.050 -1.192
671.100 -1.269
671.150 -1.335
671.200 -1.400
671.250 -1.454
671.300 -1.508
671.350 -1.551
671.400 -1.595
671.450 -1.627
671.500 -1.659
671.550 -1.682
671.600 -1.704
671.650 -1.718
671.700 -1.731
671.750 -1.736
671.800 -1.742
671.850 -1.740
671.900 -1.738
671.950 -1.729
672.000 -1.721
672.050 -1.708
672.100 -1.695
672.150 -1.677
672.200 -1.660
672.250 -1.639
672.300 -1.619
672.350 -1.595
672.400 -1.572
672.450 -1.547
672.500 -1.522
672.550 -1.495
672.600 -1.468
672.650 -1.439
672.700 -1.411
672.750 -1.381
672.800 -1.351
672.850 -1.320
672.900 -1.288
672.950 -1.254
673.000 -1.221
673.050 -1.185
673.100 -1.149
673.150 -1.110
673.200 -1.072
673.250 -1.030
673.300 -0.988
673.350 -0.943
673.400 -0.898
673.450 -0.849
673.500 -0.800
673.550 -0.748
673.600 -0.696
673.650 -0.641
673.700 -0.585
673.750 -0.527
673.800 -0.469
673.850 -0.408
673.900 -0.348
673.950 -0.286
674.000 -0.224
674.050 -0.161
674.100 -0.099
674.150 -0.037
674.200 0.025
674.250 0.086
674.300 0.147
674.350 0.205
674.400 0.263
674.450 0.318
674.500 0.373
674.550 0.424
674.600 0.475
674.650 0.522
674.700 0.568
674.750 0.610
674.800 0.651
674.850 0.688
674.900 0.724
674.950 0.756
675.000 0.787
675.050 0.814
675.100 0.841
675.150 0.863
675.200 0.886
675.250 0.904
675.300 0.923
675.350 0.938
675.400 0.954
675.450 0.966
675.500 0.979
675.550 0.988
675.600 0.998
675.650 1.006
675.700 1.013
675.750 1.018
675.800 1.023
675.850 1.025
675.900 1.027
675.950 1.026
676.000 1.025
676.050 1.019
676.100 1.014
676.150 1.004
676.200 0.994
676.250 0.977
676.300 0.961
676.350 0.938
676.400 0.914
676.450 0.883
676.500 0.852
676.550 0.811
676.600 0.771
676.650 0.721
676.700 0.672
676.750 0.612
676.800 0.552
676.850 0.483
676.900 0.414
676.950 0.335
677.000 0.256
677.050 0.169
677.100 0.082
677.150 -0.012
677.200 -0.107
677.250 -0.206
677.300 -0.306
677.350 -0.410
677.400 -0.513
677.450 -0.618
677.500 -0.723
677.550 -0.827
677.600 -0.932
677.650 -1.033
677.700 -1.134
677.750 -1.230
677.800 -1.326
677.850 -1.416
677.900 -1.505
677.950 -1.585
678.000 -1.665
678.050 -1.736
678.100 -1.806
678.150 -1.866
678.200 -1.926
678.250 -1.974
678.300 -2.023
678.350 -2.060
678.400 -2.098
678.450 -2.125
678.500 -2.151
678.550 -2.168
678.600 -2.185
678.650 -2.193
678.700 -2.201
678.750 -2.201
678.800 -2.202
678.850 -2.196
678.900 -2.190
678.950 -2.180
679.000 -2.169
679.050 -2.155
679.100 -2.141
679.150 -2.125
679.200 -2.108
679.250 -2.091
679.300 -2.073
679.350 -2.055
679.400 -2.037
679.450 -2.020
679.500 -2.002
679.550 -1.985
679.600 -1.968
679.650 -1.951
679.700 -1.935
679.750 -1.920
679.800 -1.904
679.850 -1.889
679.900 -1.874
679.950 -1.860
680.000 -1.846
680.050 -1.832
680.100 -1.818
680.150 -1.804
680.200 -1.790
680.250 -1.776
680.300 -1.762
680.350 -1.748
680.400 -1.733
680.450 -1.719
680.500 -1.704
680.550 -1.688
680.600 -1.673
680.650 -1.657
680.700 -1.640
680.750 -1.623
680.800 -1.605
680.850 -1.587
680.900 -1.568
680.950 -1.547
681.000 -1.526
681.050 -1.503
681.100 -1.480
681.150 -1.454
681.200 -1.428
681.250 -1.397
681.300 -1.367
681.350 -1.331
681.400 -1.296
681.450 -1.254
681.500 -1.212
681.550 -1.163
681.600 -1.114
681.650 -1.056
681.700 -0.998
681.750 -0.930
681.800 -0.863
681.850 -0.785
681.900 -0.707
681.950 -0.619
682.000 -0.530
682.050 -0.430
682.100 -0.329
682.150 -0.218
682.200 -0.107
682.250 0.015
682.300 0.136
682.350 0.268
682.400 0.399
682.450 0.538
682.500 0.677
682.550 0.823
682.600 0.968
682.650 1.118
682.700 1.268
682.750 1.419
682.800 1.571
682.850 1.722
682.900 1.872
682.950 2.020
683.000 2.168
683.050 2.310
683.100 2.452
683.150 2.587
683.200 2.722
683.250 2.847
683.300 2.972
683.350 3.086
683.400 3.201
683.450 3.303
683.500 3.405
683.550 3.495
683.600 3.584
683.650 3.661
683.700 3.738
683.750 3.802
683.800 3.866
683.850 3.917
683.900 3.969
683.950 4.009
684.000 4.048
684.050 4.077
684.100 4.106
684.150 4.125
684.200 4.144
684.250 4.154
684.300 4.163
684.350 4.164
684.400 4.165
684.450 4.157
684.500 4.150
684.550 4.134
684.600 4.118
684.650 4.094
684.700 4.071
684.750 4.038
684.800 4.006
684.850 3.965
684.900 3.924
684.950 3.873
685.000 3.823
685.050 3.762
685.100 3.702
685.150 3.630
685.200 3.559
685.250 3.477
685.300 3.396
685.350 3.303
685.400 3.210
685.450 3.106
685.500 3.003
685.550 2.889
685.600 2.775
685.650 2.653
685.700 2.530
685.750 2.399
685.800 2.268
685.850 2.132
685.900 1.995
685.950 1.854
686.000 1.713
686.050 1.571
686.100 1.428
686.150 1.285
686.200 1.143
686.250 1.003
686.300 0.863
686.350 0.727
686.400 0.591
686.450 0.462
686.500 0.333
686.550 0.211
686.600 0.089
686.650 -0.024
686.700 -0.137
686.750 -0.241
686.800 -0.345
686.850 -0.440
686.900 -0.535
686.950 -0.621
687.000 -0.708
687.050 -0.786
687.100 -0.865
687.150 -0.938
687.200 -1.011
687.250 -1.079
687.300 -1.147
687.350 -1.212
687.400 -1.277
687.450 -1.341
687.500 -1.405
687.550 -1.469
687.600 -1.533
687.650 -1.599
687.700 -1.665
687.750 -1.734
687.800 -1.803
687.850 -1.876
687.900 -1.949
687.950 -2.025
688.000 -2.101
688.050 -2.182
688.100 -2.262
688.150 -2.345
688.200 -2.428
688.250 -2.514
688.300 -2.599
688.350 -2.686
688.400 -2.772
688.450 -2.857
688.500 -2.943
688.550 -3.026
688.600 -3.109
688.650 -3.188
688.700 -3.266
688.750 -3.339
688.800 -3.412
688.850 -3.477
688.900 -3.542
688.950 -3.598
689.000 -3.654
689.050 -3.700
689.100 -3.745
689.150 -3.779
689.200 -3.814
689.250 -3.836
689.300 -3.858
689.350 -3.868
689.400 -3.877
689.450 -3.874
689.500 -3.871
689.550 -3.856
689.600 -3.840
689.650 -3.812
689.700 -3.784
689.750 -3.744
689.800 -3.705
689.850 -3.653
689.900 -3.602
689.950 -3.540
690.000 -3.478
690.050 -3.406
690.100 -3.334
690.150 -3.252
690.200 -3.170
690.250 -3.080
690.300 -2.990
690.350 -2.892
690.400 -2.794
690.450 -2.690
690.500 -2.585
690.550 -2.474
690.600 -2.364
690.650 -2.249
690.700 -2.133
690.750 -2.015
690.800 -1.896
690.850 -1.775
690.900 -1.654
690.950 -1.532
691.000 -1.410
691.050 -1.289
691.100 -1.167
691.150 -1.048
691.200 -0.929
691.250 -0.813
691.300 -0.697
691.350 -0.586
691.400 -0.476
691.450 -0.371
691.500 -0.266
691.550 -0.168
691.600 -0.071
691.650 0.019
691.700 0.109
691.750 0.190
691.800 0.271
691.850 0.344
691.900 0.417
691.950 0.482
692.000 0.546
692.050 0.603
692.100 0.660
692.150 0.710
692.200 0.760
692.250 0.804
692.300 0.849
692.350 0.889
692.400 0.928
692.450 0.965
692.500 1.002
692.550 1.037
692.600 1.072
692.650 1.107
692.700 1.142
692.750 1.178
692.800 1.214
692.850 1.251
692.900 1.289
692.950 1.329
693.000 1.368
693.050 1.411
693.100 1.453
693.150 1.498
693.200 1.543
693.250 1.590
693.300 1.636
693.350 1.684
693.400 1.732
693.450 1.779
693.500 1.827
693.550 1.873
693.600 1.919
693.650 1.962
693.700 2.006
693.750 2.045
693.800 2.084
693.850 2.117
693.900 2.151
693.950 2.177
694.000 2.204
694.050 2.223
694.100 2.242
694.150 2.253
694.200 2.264
694.250 2.267
694.300 2.270
694.350 2.265
694.400 2.259
694.450 2.246
694.500 2.233
694.550 2.213
694.600 2.193
694.650 2.168
694.700 2.142
694.750 2.111
694.800 2.081
694.850 2.046
694.900 2.012
694.950 1.975
695.000 1.939
695.050 1.900
695.100 1.862
695.150 1.823
695.200 1.784
695.250 1.745
695.300 1.705
695.350 1.666
695.400 1.627
695.450 1.587
695.500 1.548
695.550 1.508
695.600 1.468
695.650 1.428
695.700 1.388
695.750 1.346
695.800 1.304
695.850 1.260
695.900 1.217
695.950 1.170
696.000 1.124
696.050 1.075
696.100 1.025
696.150 0.973
696.200 0.920
696.250 0.864
696.300 0.809
696.350 0.750
696.400 0.691
696.450 0.631
696.500 0.570
696.550 0.508
696.600 0.446
696.650 0.384
696.700 0.322
696.750 0.261
696.800 0.201
696.850 0.144
696.900 0.087
696.950 0.034
697.000 -0.018
697.050 -0.064
697.100 -0.110
697.150 -0.148
697.200 -0.187
697.250 -0.216
697.300 -0.245
697.350 -0.265
697.400 -0.285
697.450 -0.295
697.500 -0.305
697.550 -0.306
697.600 -0.306
697.650 -0.298
697.700 -0.289
697.750 -0.273
697.800 -0.256
697.850 -0.234
697.900 -0.211
697.950 -0.184
698.000 -0.156
698.050 -0.126
698.100 -0.096
698.150 -0.065
698.200 -0.034
698.250 -0.004
698.300 0.025
698.350 0.052
698.400 0.079
698.450 0.101
698.500 0.123
698.550 0.140
698.600 0.157
698.650 0.167
698.700 0.177
698.750 0.181
698.800 0.185
698.850 0.183
698.900 0.180
698.950 0.172
699.000 0.164
699.050 0.151
699.100 0.138
699.150 0.121
699.200 0.104
699.250 0.085
699.300 0.066
699.350 0.046
699.400 0.026
699.450 0.006
699.500 -0.014
699.550 -0.033
699.600 -0.052
699.650 -0.068
699.700 -0.085
699.750 -0.099
699.800 -0.113
699.850 -0.124
699.900 -0.136
699.950 -0.145
700.000 -0.154
